total_cup_points,country_of_origin,altitude_mean_meters,latitude,longitude,country_cup_points_avg,avg_altitude_per_country,quality_category,country_entry_counts
90.58,Ethiopia,2075.0,8.0,38.0,85.91633333333333,1800.3006666666665,High Quality,30
89.92,Ethiopia,2075.0,8.0,38.0,85.91633333333333,1800.3006666666665,High Quality,30
89.75,Guatemala,1700.0,15.5,-90.25,82.02422077922077,1440.7324207792208,Medium Quality,154
89.0,Ethiopia,2000.0,8.0,38.0,85.91633333333333,1800.3006666666665,High Quality,30
88.83,Ethiopia,2075.0,8.0,38.0,85.91633333333333,1800.3006666666665,High Quality,30
88.67,Ethiopia,1635.0,8.0,38.0,85.91633333333333,1800.3006666666665,High Quality,30
88.42,Ethiopia,1635.0,8.0,38.0,85.91633333333333,1800.3006666666665,High Quality,30
88.25,Ethiopia,1822.5,8.0,38.0,85.91633333333333,1800.3006666666665,High Quality,30
88.08,Ethiopia,1905.0,8.0,38.0,85.91633333333333,1800.3006666666665,High Quality,30
87.92,United States,1872.0,38.0,-97.0,84.433,1866.8880000000001,Medium Quality,10
87.92,United States,1943.0,38.0,-97.0,84.433,1866.8880000000001,Medium Quality,10
87.92,United States,609.6,38.0,-97.0,86.96000000000001,518.1600000000001,High Quality,2
87.83,Ethiopia,1635.0,8.0,38.0,85.91633333333333,1800.3006666666665,High Quality,30
87.58,United States,2080.0,38.0,-97.0,84.433,1866.8880000000001,Medium Quality,10
87.42,Indonesia,1500.0,-5.0,120.0,82.90235294117646,1363.235294117647,Medium Quality,17
87.25,China,1450.0,35.0,105.0,82.9275,1463.125,Medium Quality,16
87.25,Ethiopia,1850.0,8.0,38.0,85.91633333333333,1800.3006666666665,High Quality,30
87.25,United States,2019.0,38.0,-97.0,84.433,1866.8880000000001,Medium Quality,10
87.17,Costa Rica,1300.0,10.0,-84.0,82.8004347826087,1380.1347826086956,Medium Quality,46
87.17,Mexico,1320.0,23.0,-102.0,80.86306034482759,1235.3620689655172,Medium Quality,232
87.08,United States,2112.0,38.0,-97.0,84.433,1866.8880000000001,Medium Quality,10
86.92,Brazil,1250.0,-10.0,-55.0,82.71144230769231,920.7788461538462,Medium Quality,104
86.83,Uganda,1950.0,1.0,32.0,83.38294117647058,1590.8235294117646,Medium Quality,34
86.67,Honduras,1400.0,15.0,-86.5,80.8322,1425.92,Medium Quality,50
86.58,Taiwan,1200.0,23.5,121.0,81.94771428571428,729.2714285714286,Medium Quality,70
86.42,Brazil,1300.0,-10.0,-55.0,82.71144230769231,920.7788461538462,Medium Quality,104
86.33,Costa Rica,1300.0,10.0,-84.0,82.8004347826087,1380.1347826086956,Medium Quality,46
86.25,Ethiopia,1775.0,8.0,38.0,85.91633333333333,1800.3006666666665,High Quality,30
86.25,Kenya,1800.0,1.0,38.0,84.27130434782609,1502.3478260869565,Medium Quality,23
86.17,United States,1941.0,38.0,-97.0,84.433,1866.8880000000001,Medium Quality,10
86.17,Thailand,1300.0,15.0,100.0,82.42999999999999,1094.99208,Medium Quality,20
86.17,Brazil,12.0,-10.0,-55.0,82.71144230769231,920.7788461538462,Medium Quality,104
86.17,Brazil,12.0,-10.0,-55.0,82.71144230769231,920.7788461538462,Medium Quality,104
86.08,Taiwan,1000.0,23.5,121.0,81.94771428571428,729.2714285714286,Medium Quality,70
86.08,Kenya,1754.0,1.0,38.0,84.27130434782609,1502.3478260869565,Medium Quality,23
86.08,Brazil,1250.0,-10.0,-55.0,82.71144230769231,920.7788461538462,Medium Quality,104
86.0,Colombia,1200.0,4.0,-72.0,83.23040268456376,1570.4429530201342,Medium Quality,149
86.0,Kenya,1860.0,1.0,38.0,84.27130434782609,1502.3478260869565,Medium Quality,23
86.0,Uganda,1650.0,1.0,32.0,83.38294117647058,1590.8235294117646,Medium Quality,34
86.0,Ethiopia,1750.0,8.0,38.0,85.91633333333333,1800.3006666666665,High Quality,30
86.0,United States,426.72,38.0,-97.0,86.96000000000001,518.1600000000001,High Quality,2
85.92,Uganda,1650.0,1.0,32.0,83.38294117647058,1590.8235294117646,Medium Quality,34
85.92,Colombia,1800.0,4.0,-72.0,83.23040268456376,1570.4429530201342,Medium Quality,149
85.83,Panama,1600.0,9.0,-80.0,83.7075,1515.0,Medium Quality,4
85.83,Ethiopia,1900.0,8.0,38.0,85.91633333333333,1800.3006666666665,High Quality,30
85.83,Guatemala,1524.0,15.5,-90.25,82.02422077922077,1440.7324207792208,Medium Quality,154
85.83,Guatemala,1417.32,15.5,-90.25,82.02422077922077,1440.7324207792208,Medium Quality,154
85.75,Papua New Guinea,1700.0,-6.0,147.0,85.75,1700.0,High Quality,1
85.58,El Salvador,1500.0,13.83,-88.92,83.11526315789474,1333.157894736842,Medium Quality,19
85.58,El Salvador,1350.0,13.83,-88.92,83.11526315789474,1333.157894736842,Medium Quality,19
85.5,Panama,1680.0,9.0,-80.0,83.7075,1515.0,Medium Quality,4
85.5,Kenya,1900.0,1.0,38.0,84.27130434782609,1502.3478260869565,Medium Quality,23
85.5,Ethiopia,1900.0,8.0,38.0,85.91633333333333,1800.3006666666665,High Quality,30
85.5,Uganda,1600.0,1.0,32.0,83.38294117647058,1590.8235294117646,Medium Quality,34
85.5,Guatemala,1731.264,15.5,-90.25,82.02422077922077,1440.7324207792208,Medium Quality,154
85.42,Ethiopia,1900.0,8.0,38.0,85.91633333333333,1800.3006666666665,High Quality,30
85.42,Uganda,1950.0,1.0,32.0,83.38294117647058,1590.8235294117646,Medium Quality,34
85.42,Brazil,1250.0,-10.0,-55.0,82.71144230769231,920.7788461538462,Medium Quality,104
85.42,El Salvador,1400.0,13.83,-88.92,83.11526315789474,1333.157894736842,Medium Quality,19
85.33,China,1700.0,35.0,105.0,82.9275,1463.125,Medium Quality,16
85.33,Guatemala,1770.0,15.5,-90.25,82.02422077922077,1440.7324207792208,Medium Quality,154
85.33,Costa Rica,1300.0,10.0,-84.0,82.8004347826087,1380.1347826086956,Medium Quality,46
85.33,Costa Rica,1300.0,10.0,-84.0,82.8004347826087,1380.1347826086956,Medium Quality,46
85.33,Kenya,1600.0,1.0,38.0,84.27130434782609,1502.3478260869565,Medium Quality,23
85.33,Kenya,1200.0,1.0,38.0,84.27130434782609,1502.3478260869565,Medium Quality,23
85.25,Colombia,1550.0,4.0,-72.0,83.23040268456376,1570.4429530201342,Medium Quality,149
85.25,Colombia,1550.0,4.0,-72.0,83.23040268456376,1570.4429530201342,Medium Quality,149
85.17,Indonesia,1325.0,-5.0,120.0,82.90235294117646,1363.235294117647,Medium Quality,17
85.17,Guatemala,1400.0,15.5,-90.25,82.02422077922077,1440.7324207792208,Medium Quality,154
85.08,Colombia,2560.0,4.0,-72.0,83.23040268456376,1570.4429530201342,Medium Quality,149
85.08,Ethiopia,1700.0,8.0,38.0,85.91633333333333,1800.3006666666665,High Quality,30
85.08,Colombia,2136.0,4.0,-72.0,83.23040268456376,1570.4429530201342,Medium Quality,149
85.0,Uganda,1800.0,1.0,32.0,83.38294117647058,1590.8235294117646,Medium Quality,34
85.0,Costa Rica,1900.0,10.0,-84.0,82.8004347826087,1380.1347826086956,Medium Quality,46
85.0,Mexico,1300.0,23.0,-102.0,80.86306034482759,1235.3620689655172,Medium Quality,232
85.0,Kenya,1.0,1.0,38.0,84.27130434782609,1502.3478260869565,Medium Quality,23
85.0,Kenya,1580.0,1.0,38.0,84.27130434782609,1502.3478260869565,Medium Quality,23
85.0,Brazil,1100.0,-10.0,-55.0,82.71144230769231,920.7788461538462,Medium Quality,104
85.0,Mexico,1400.0,23.0,-102.0,80.86306034482759,1235.3620689655172,Medium Quality,232
85.0,Guatemala,1325.88,15.5,-90.25,82.02422077922077,1440.7324207792208,Medium Quality,154
84.92,Colombia,1775.0,4.0,-72.0,83.23040268456376,1570.4429530201342,Medium Quality,149
84.92,Taiwan,800.0,23.5,121.0,81.94771428571428,729.2714285714286,Medium Quality,70
84.92,"Tanzania, United Republic of",1620.0,-6.0,35.0,82.30945945945946,1562.7297297297298,Medium Quality,37
84.92,Colombia,1775.0,4.0,-72.0,83.23040268456376,1570.4429530201342,Medium Quality,149
84.92,Mexico,1200.0,23.0,-102.0,80.86306034482759,1235.3620689655172,Medium Quality,232
84.92,Brazil,1200.0,-10.0,-55.0,82.71144230769231,920.7788461538462,Medium Quality,104
84.92,Brazil,1000.0,-10.0,-55.0,82.71144230769231,920.7788461538462,Medium Quality,104
84.83,Taiwan,350.0,23.5,121.0,81.94771428571428,729.2714285714286,Medium Quality,70
84.83,Uganda,1650.0,1.0,32.0,83.38294117647058,1590.8235294117646,Medium Quality,34
84.83,Ethiopia,1750.0,8.0,38.0,85.91633333333333,1800.3006666666665,High Quality,30
84.83,Ethiopia,1750.0,8.0,38.0,85.91633333333333,1800.3006666666665,High Quality,30
84.75,Kenya,1800.0,1.0,38.0,84.27130434782609,1502.3478260869565,Medium Quality,23
84.75,Honduras,1450.0,15.0,-86.5,80.8322,1425.92,Medium Quality,50
84.75,El Salvador,1200.0,13.83,-88.92,83.11526315789474,1333.157894736842,Medium Quality,19
84.75,Nicaragua,925.0,13.0,-85.0,80.01,1091.9117647058824,Medium Quality,17
84.67,El Salvador,1350.0,13.83,-88.92,83.11526315789474,1333.157894736842,Medium Quality,19
84.67,Indonesia,1200.0,-5.0,120.0,82.90235294117646,1363.235294117647,Medium Quality,17
84.67,Japan,170.0,36.0,138.0,84.67,170.0,Medium Quality,1
84.67,Costa Rica,1150.0,10.0,-84.0,82.8004347826087,1380.1347826086956,Medium Quality,46
84.67,Guatemala,1600.0,15.5,-90.25,82.02422077922077,1440.7324207792208,Medium Quality,154
84.67,Costa Rica,1750.0,10.0,-84.0,82.8004347826087,1380.1347826086956,Medium Quality,46
84.67,Ethiopia,1900.0,8.0,38.0,85.91633333333333,1800.3006666666665,High Quality,30
84.67,Costa Rica,1750.0,10.0,-84.0,82.8004347826087,1380.1347826086956,Medium Quality,46
84.67,Costa Rica,1200.0,10.0,-84.0,82.8004347826087,1380.1347826086956,Medium Quality,46
84.67,Taiwan,1000.0,23.5,121.0,81.94771428571428,729.2714285714286,Medium Quality,70
84.67,Colombia,1550.0,4.0,-72.0,83.23040268456376,1570.4429530201342,Medium Quality,149
84.67,Kenya,2000.0,1.0,38.0,84.27130434782609,1502.3478260869565,Medium Quality,23
84.67,Guatemala,1310.64,15.5,-90.25,82.02422077922077,1440.7324207792208,Medium Quality,154
84.67,Guatemala,1524.0,15.5,-90.25,82.02422077922077,1440.7324207792208,Medium Quality,154
84.67,Mexico,1200.0,23.0,-102.0,80.86306034482759,1235.3620689655172,Medium Quality,232
84.67,Uganda,1775.0,1.0,32.0,83.38294117647058,1590.8235294117646,Medium Quality,34
84.67,Ethiopia,1750.0,8.0,38.0,85.91633333333333,1800.3006666666665,High Quality,30
84.58,Kenya,1754.0,1.0,38.0,84.27130434782609,1502.3478260869565,Medium Quality,23
84.58,Colombia,1500.0,4.0,-72.0,83.23040268456376,1570.4429530201342,Medium Quality,149
84.58,Kenya,1800.0,1.0,38.0,84.27130434782609,1502.3478260869565,Medium Quality,23
84.58,Guatemala,1524.0,15.5,-90.25,82.02422077922077,1440.7324207792208,Medium Quality,154
84.58,Guatemala,1219.2,15.5,-90.25,82.02422077922077,1440.7324207792208,Medium Quality,154
84.58,Colombia,1550.0,4.0,-72.0,83.23040268456376,1570.4429530201342,Medium Quality,149
84.58,Colombia,1750.0,4.0,-72.0,83.23040268456376,1570.4429530201342,Medium Quality,149
84.58,Colombia,1750.0,4.0,-72.0,83.23040268456376,1570.4429530201342,Medium Quality,149
84.58,Costa Rica,1575.0,10.0,-84.0,82.8004347826087,1380.1347826086956,Medium Quality,46
84.58,Colombia,1800.0,4.0,-72.0,83.23040268456376,1570.4429530201342,Medium Quality,149
84.58,Brazil,1300.0,-10.0,-55.0,82.71144230769231,920.7788461538462,Medium Quality,104
84.58,Brazil,1100.0,-10.0,-55.0,82.71144230769231,920.7788461538462,Medium Quality,104
84.5,Costa Rica,1200.0,10.0,-84.0,82.8004347826087,1380.1347826086956,Medium Quality,46
84.5,Uganda,1750.0,1.0,32.0,83.38294117647058,1590.8235294117646,Medium Quality,34
84.5,China,1680.0,35.0,105.0,82.9275,1463.125,Medium Quality,16
84.5,Costa Rica,1700.0,10.0,-84.0,82.8004347826087,1380.1347826086956,Medium Quality,46
84.5,Colombia,1800.0,4.0,-72.0,83.23040268456376,1570.4429530201342,Medium Quality,149
84.5,China,1100.0,35.0,105.0,82.9275,1463.125,Medium Quality,16
84.5,Guatemala,1310.64,15.5,-90.25,82.02422077922077,1440.7324207792208,Medium Quality,154
84.5,Kenya,2000.0,1.0,38.0,84.27130434782609,1502.3478260869565,Medium Quality,23
84.5,Mexico,1350.0,23.0,-102.0,80.86306034482759,1235.3620689655172,Medium Quality,232
84.5,Mexico,1500.0,23.0,-102.0,80.86306034482759,1235.3620689655172,Medium Quality,232
84.42,Costa Rica,1300.0,10.0,-84.0,82.8004347826087,1380.1347826086956,Medium Quality,46
84.42,Indonesia,1400.0,-5.0,120.0,82.90235294117646,1363.235294117647,Medium Quality,17
84.42,Colombia,1775.0,4.0,-72.0,83.23040268456376,1570.4429530201342,Medium Quality,149
84.42,Taiwan,1200.0,23.5,121.0,81.94771428571428,729.2714285714286,Medium Quality,70
84.42,Mexico,900.0,23.0,-102.0,80.86306034482759,1235.3620689655172,Medium Quality,232
84.33,Kenya,1800.0,1.0,38.0,84.27130434782609,1502.3478260869565,Medium Quality,23
84.33,Honduras,1500.0,15.0,-86.5,80.8322,1425.92,Medium Quality,50
84.33,Honduras,1500.0,15.0,-86.5,80.8322,1425.92,Medium Quality,50
84.33,Colombia,442.0,4.0,-72.0,83.23040268456376,1570.4429530201342,Medium Quality,149
84.33,Colombia,1800.0,4.0,-72.0,83.23040268456376,1570.4429530201342,Medium Quality,149
84.33,Mexico,1700.0,23.0,-102.0,80.86306034482759,1235.3620689655172,Medium Quality,232
84.33,Brazil,1275.0,-10.0,-55.0,82.71144230769231,920.7788461538462,Medium Quality,104
84.33,Brazil,1050.0,-10.0,-55.0,82.71144230769231,920.7788461538462,Medium Quality,104
84.33,Ethiopia,1493.52,8.0,38.0,85.91633333333333,1800.3006666666665,High Quality,30
84.33,Guatemala,1386.84,15.5,-90.25,82.02422077922077,1440.7324207792208,Medium Quality,154
84.25,Taiwan,1000.0,23.5,121.0,81.94771428571428,729.2714285714286,Medium Quality,70
84.25,Thailand,1200.0,15.0,100.0,82.42999999999999,1094.99208,Medium Quality,20
84.25,Colombia,2560.0,4.0,-72.0,83.23040268456376,1570.4429530201342,Medium Quality,149
84.25,Guatemala,1500.0,15.5,-90.25,82.02422077922077,1440.7324207792208,Medium Quality,154
84.25,Guatemala,1099.4136,15.5,-90.25,82.02422077922077,1440.7324207792208,Medium Quality,154
84.25,China,1400.0,35.0,105.0,82.9275,1463.125,Medium Quality,16
84.25,Colombia,1775.0,4.0,-72.0,83.23040268456376,1570.4429530201342,Medium Quality,149
84.25,Colombia,1775.0,4.0,-72.0,83.23040268456376,1570.4429530201342,Medium Quality,149
84.25,Colombia,1800.0,4.0,-72.0,83.23040268456376,1570.4429530201342,Medium Quality,149
84.25,Colombia,442.0,4.0,-72.0,83.23040268456376,1570.4429530201342,Medium Quality,149
84.25,"Tanzania, United Republic of",1620.0,-6.0,35.0,82.30945945945946,1562.7297297297298,Medium Quality,37
84.25,"Tanzania, United Republic of",1600.0,-6.0,35.0,82.30945945945946,1562.7297297297298,Medium Quality,37
84.25,Guatemala,1219.2,15.5,-90.25,82.02422077922077,1440.7324207792208,Medium Quality,154
84.25,Colombia,1700.0,4.0,-72.0,83.23040268456376,1570.4429530201342,Medium Quality,149
84.25,Mexico,1450.0,23.0,-102.0,80.86306034482759,1235.3620689655172,Medium Quality,232
84.25,Mexico,1170.0,23.0,-102.0,80.86306034482759,1235.3620689655172,Medium Quality,232
84.25,Mexico,1400.0,23.0,-102.0,80.86306034482759,1235.3620689655172,Medium Quality,232
84.25,Uganda,1700.0,1.0,32.0,83.38294117647058,1590.8235294117646,Medium Quality,34
84.17,Guatemala,1700.0,15.5,-90.25,82.02422077922077,1440.7324207792208,Medium Quality,154
84.17,Costa Rica,1700.0,10.0,-84.0,82.8004347826087,1380.1347826086956,Medium Quality,46
84.17,Guatemala,1116.7872,15.5,-90.25,82.02422077922077,1440.7324207792208,Medium Quality,154
84.17,Guatemala,1565.0,15.5,-90.25,82.02422077922077,1440.7324207792208,Medium Quality,154
84.17,Guatemala,3280.0,15.5,-90.25,82.02422077922077,1440.7324207792208,Medium Quality,154
84.17,Colombia,1775.0,4.0,-72.0,83.23040268456376,1570.4429530201342,Medium Quality,149
84.17,Nicaragua,1000.0,13.0,-85.0,80.01,1091.9117647058824,Medium Quality,17
84.17,Brazil,1150.0,-10.0,-55.0,82.71144230769231,920.7788461538462,Medium Quality,104
84.17,Costa Rica,1850.0,10.0,-84.0,82.8004347826087,1380.1347826086956,Medium Quality,46
84.17,Ethiopia,1606.5,8.0,38.0,85.91633333333333,1800.3006666666665,High Quality,30
84.17,"Tanzania, United Republic of",1400.0,-6.0,35.0,82.30945945945946,1562.7297297297298,Medium Quality,37
84.17,Colombia,1530.0,4.0,-72.0,83.23040268456376,1570.4429530201342,Medium Quality,149
84.17,Kenya,250.5,1.0,38.0,84.27130434782609,1502.3478260869565,Medium Quality,23
84.17,Brazil,1038.5,-10.0,-55.0,82.71144230769231,920.7788461538462,Medium Quality,104
84.17,Guatemala,1310.64,15.5,-90.25,82.02422077922077,1440.7324207792208,Medium Quality,154
84.17,El Salvador,1500.0,13.83,-88.92,83.11526315789474,1333.157894736842,Medium Quality,19
84.17,Colombia,1750.0,4.0,-72.0,83.23040268456376,1570.4429530201342,Medium Quality,149
84.17,Uganda,1600.0,1.0,32.0,83.38294117647058,1590.8235294117646,Medium Quality,34
84.08,Colombia,442.0,4.0,-72.0,83.23040268456376,1570.4429530201342,Medium Quality,149
84.08,Taiwan,968.0,23.5,121.0,81.94771428571428,729.2714285714286,Medium Quality,70
84.08,Colombia,1775.0,4.0,-72.0,83.23040268456376,1570.4429530201342,Medium Quality,149
84.08,Guatemala,1550.0,15.5,-90.25,82.02422077922077,1440.7324207792208,Medium Quality,154
84.08,Mexico,1480.0,23.0,-102.0,80.86306034482759,1235.3620689655172,Medium Quality,232
84.08,Ethiopia,1800.0,8.0,38.0,85.91633333333333,1800.3006666666665,High Quality,30
84.0,Ethiopia,1800.0,8.0,38.0,85.91633333333333,1800.3006666666665,High Quality,30
84.0,Honduras,1500.0,15.0,-86.5,80.8322,1425.92,Medium Quality,50
84.0,Guatemala,1706.88,15.5,-90.25,82.02422077922077,1440.7324207792208,Medium Quality,154
84.0,Colombia,1600.0,4.0,-72.0,83.23040268456376,1570.4429530201342,Medium Quality,149
84.0,Guatemala,1219.2,15.5,-90.25,82.02422077922077,1440.7324207792208,Medium Quality,154
84.0,Guatemala,1219.2,15.5,-90.25,82.02422077922077,1440.7324207792208,Medium Quality,154
84.0,Colombia,1480.0,4.0,-72.0,83.23040268456376,1570.4429530201342,Medium Quality,149
84.0,Colombia,1450.0,4.0,-72.0,83.23040268456376,1570.4429530201342,Medium Quality,149
84.0,Colombia,1775.0,4.0,-72.0,83.23040268456376,1570.4429530201342,Medium Quality,149
84.0,Ethiopia,1550.0,8.0,38.0,85.91633333333333,1800.3006666666665,High Quality,30
84.0,Brazil,1260.0,-10.0,-55.0,82.71144230769231,920.7788461538462,Medium Quality,104
84.0,Colombia,1700.0,4.0,-72.0,83.23040268456376,1570.4429530201342,Medium Quality,149
84.0,Kenya,1200.0,1.0,38.0,84.27130434782609,1502.3478260869565,Medium Quality,23
84.0,Kenya,1650.0,1.0,38.0,84.27130434782609,1502.3478260869565,Medium Quality,23
84.0,Uganda,1700.0,1.0,32.0,83.38294117647058,1590.8235294117646,Medium Quality,34
83.92,Brazil,890.0,-10.0,-55.0,82.71144230769231,920.7788461538462,Medium Quality,104
83.92,Mexico,1300.0,23.0,-102.0,80.86306034482759,1235.3620689655172,Medium Quality,232
83.92,Thailand,1350.0,15.0,100.0,82.42999999999999,1094.99208,Medium Quality,20
83.92,Brazil,934.0,-10.0,-55.0,82.71144230769231,920.7788461538462,Medium Quality,104
83.92,Taiwan,1200.0,23.5,121.0,81.94771428571428,729.2714285714286,Medium Quality,70
83.92,Colombia,442.0,4.0,-72.0,83.23040268456376,1570.4429530201342,Medium Quality,149
83.92,Colombia,1775.0,4.0,-72.0,83.23040268456376,1570.4429530201342,Medium Quality,149
83.92,Taiwan,950.0,23.5,121.0,81.94771428571428,729.2714285714286,Medium Quality,70
83.92,Colombia,1550.0,4.0,-72.0,83.23040268456376,1570.4429530201342,Medium Quality,149
83.92,Mexico,900.0,23.0,-102.0,80.86306034482759,1235.3620689655172,Medium Quality,232
83.92,Mexico,1500.0,23.0,-102.0,80.86306034482759,1235.3620689655172,Medium Quality,232
83.92,Mexico,1400.0,23.0,-102.0,80.86306034482759,1235.3620689655172,Medium Quality,232
83.83,Colombia,2527.0,4.0,-72.0,83.23040268456376,1570.4429530201342,Medium Quality,149
83.83,Costa Rica,1850.0,10.0,-84.0,82.8004347826087,1380.1347826086956,Medium Quality,46
83.83,Guatemala,1500.0,15.5,-90.25,82.02422077922077,1440.7324207792208,Medium Quality,154
83.83,Taiwan,1200.0,23.5,121.0,81.94771428571428,729.2714285714286,Medium Quality,70
83.83,Brazil,1.0,-10.0,-55.0,82.71144230769231,920.7788461538462,Medium Quality,104
83.83,Taiwan,525.0,23.5,121.0,81.94771428571428,729.2714285714286,Medium Quality,70
83.83,Ethiopia,1676.5,8.0,38.0,85.91633333333333,1800.3006666666665,High Quality,30
83.83,Brazil,1200.0,-10.0,-55.0,82.71144230769231,920.7788461538462,Medium Quality,104
83.83,Costa Rica,1300.0,10.0,-84.0,82.8004347826087,1380.1347826086956,Medium Quality,46
83.83,Guatemala,1219.2,15.5,-90.25,82.02422077922077,1440.7324207792208,Medium Quality,154
83.83,Brazil,1260.0,-10.0,-55.0,82.71144230769231,920.7788461538462,Medium Quality,104
83.83,Ecuador,800.0,-2.0,-77.5,80.955,420.0,Medium Quality,2
83.83,Colombia,1750.0,4.0,-72.0,83.23040268456376,1570.4429530201342,Medium Quality,149
83.83,Guatemala,1310.64,15.5,-90.25,82.02422077922077,1440.7324207792208,Medium Quality,154
83.83,Mexico,1218.0,23.0,-102.0,80.86306034482759,1235.3620689655172,Medium Quality,232
83.83,Mexico,1300.0,23.0,-102.0,80.86306034482759,1235.3620689655172,Medium Quality,232
83.83,Brazil,1250.0,-10.0,-55.0,82.71144230769231,920.7788461538462,Medium Quality,104
83.83,Thailand,1499.9208,15.0,100.0,82.42999999999999,1094.99208,Medium Quality,20
83.75,Kenya,1800.0,1.0,38.0,84.27130434782609,1502.3478260869565,Medium Quality,23
83.75,Brazil,890.0,-10.0,-55.0,82.71144230769231,920.7788461538462,Medium Quality,104
83.75,Colombia,442.0,4.0,-72.0,83.23040268456376,1570.4429530201342,Medium Quality,149
83.75,Taiwan,750.0,23.5,121.0,81.94771428571428,729.2714285714286,Medium Quality,70
83.75,China,1650.0,35.0,105.0,82.9275,1463.125,Medium Quality,16
83.75,Colombia,442.0,4.0,-72.0,83.23040268456376,1570.4429530201342,Medium Quality,149
83.75,Uganda,1400.0,1.0,32.0,83.38294117647058,1590.8235294117646,Medium Quality,34
83.75,Puerto Rico,853.44,18.25,-66.5,81.72749999999999,853.44,Medium Quality,4
83.75,Colombia,1775.0,4.0,-72.0,83.23040268456376,1570.4429530201342,Medium Quality,149
83.75,Colombia,1550.0,4.0,-72.0,83.23040268456376,1570.4429530201342,Medium Quality,149
83.75,Colombia,1750.0,4.0,-72.0,83.23040268456376,1570.4429530201342,Medium Quality,149
83.75,Colombia,1750.0,4.0,-72.0,83.23040268456376,1570.4429530201342,Medium Quality,149
83.75,Mexico,700.0,23.0,-102.0,80.86306034482759,1235.3620689655172,Medium Quality,232
83.75,Guatemala,1300.0,15.5,-90.25,82.02422077922077,1440.7324207792208,Medium Quality,154
83.75,Colombia,1600.0,4.0,-72.0,83.23040268456376,1570.4429530201342,Medium Quality,149
83.75,Colombia,1600.0,4.0,-72.0,83.23040268456376,1570.4429530201342,Medium Quality,149
83.67,Brazil,890.0,-10.0,-55.0,82.71144230769231,920.7788461538462,Medium Quality,104
83.67,Kenya,1700.0,1.0,38.0,84.27130434782609,1502.3478260869565,Medium Quality,23
83.67,Honduras,1400.0,15.0,-86.5,80.8322,1425.92,Medium Quality,50
83.67,Nicaragua,1250.0,13.0,-85.0,80.01,1091.9117647058824,Medium Quality,17
83.67,Brazil,934.0,-10.0,-55.0,82.71144230769231,920.7788461538462,Medium Quality,104
83.67,Taiwan,1200.0,23.5,121.0,81.94771428571428,729.2714285714286,Medium Quality,70
83.67,Costa Rica,1350.0,10.0,-84.0,82.8004347826087,1380.1347826086956,Medium Quality,46
83.67,Thailand,800.0,15.0,100.0,82.42999999999999,1094.99208,Medium Quality,20
83.67,Colombia,1625.0,4.0,-72.0,83.23040268456376,1570.4429530201342,Medium Quality,149
83.67,Guatemala,1356.6648,15.5,-90.25,82.02422077922077,1440.7324207792208,Medium Quality,154
83.67,Colombia,1750.0,4.0,-72.0,83.23040268456376,1570.4429530201342,Medium Quality,149
83.67,Colombia,1900.0,4.0,-72.0,83.23040268456376,1570.4429530201342,Medium Quality,149
83.67,Guatemala,1310.64,15.5,-90.25,82.02422077922077,1440.7324207792208,Medium Quality,154
83.67,Guatemala,1310.64,15.5,-90.25,82.02422077922077,1440.7324207792208,Medium Quality,154
83.67,Colombia,1750.0,4.0,-72.0,83.23040268456376,1570.4429530201342,Medium Quality,149
83.67,Guatemala,1450.0,15.5,-90.25,82.02422077922077,1440.7324207792208,Medium Quality,154
83.67,Guatemala,1310.64,15.5,-90.25,82.02422077922077,1440.7324207792208,Medium Quality,154
83.67,Mexico,1100.0,23.0,-102.0,80.86306034482759,1235.3620689655172,Medium Quality,232
83.67,Indonesia,1400.0,-5.0,120.0,82.90235294117646,1363.235294117647,Medium Quality,17
83.67,Guatemala,1524.0,15.5,-90.25,82.02422077922077,1440.7324207792208,Medium Quality,154
83.58,Brazil,890.0,-10.0,-55.0,82.71144230769231,920.7788461538462,Medium Quality,104
83.58,Guatemala,1128.3696,15.5,-90.25,82.02422077922077,1440.7324207792208,Medium Quality,154
83.58,China,1100.0,35.0,105.0,82.9275,1463.125,Medium Quality,16
83.58,Colombia,1775.0,4.0,-72.0,83.23040268456376,1570.4429530201342,Medium Quality,149
83.58,Mexico,1200.0,23.0,-102.0,80.86306034482759,1235.3620689655172,Medium Quality,232
83.58,Ethiopia,1850.0,8.0,38.0,85.91633333333333,1800.3006666666665,High Quality,30
83.58,Uganda,1800.0,1.0,32.0,83.38294117647058,1590.8235294117646,Medium Quality,34
83.58,Colombia,1600.0,4.0,-72.0,83.23040268456376,1570.4429530201342,Medium Quality,149
83.58,Colombia,1550.0,4.0,-72.0,83.23040268456376,1570.4429530201342,Medium Quality,149
83.58,Colombia,1550.0,4.0,-72.0,83.23040268456376,1570.4429530201342,Medium Quality,149
83.58,Taiwan,1000.0,23.5,121.0,81.94771428571428,729.2714285714286,Medium Quality,70
83.58,Colombia,1775.0,4.0,-72.0,83.23040268456376,1570.4429530201342,Medium Quality,149
83.58,Mexico,1000.0,23.0,-102.0,80.86306034482759,1235.3620689655172,Medium Quality,232
83.58,Colombia,2136.0,4.0,-72.0,83.23040268456376,1570.4429530201342,Medium Quality,149
83.58,Brazil,1100.0,-10.0,-55.0,82.71144230769231,920.7788461538462,Medium Quality,104
83.5,Colombia,1799.0,4.0,-72.0,83.23040268456376,1570.4429530201342,Medium Quality,149
83.5,Costa Rica,1850.0,10.0,-84.0,82.8004347826087,1380.1347826086956,Medium Quality,46
83.5,Colombia,1000.0,4.0,-72.0,83.23040268456376,1570.4429530201342,Medium Quality,149
83.5,Guatemala,1219.2,15.5,-90.25,82.02422077922077,1440.7324207792208,Medium Quality,154
83.5,Colombia,1775.0,4.0,-72.0,83.23040268456376,1570.4429530201342,Medium Quality,149
83.5,"Tanzania, United Republic of",1400.0,-6.0,35.0,82.30945945945946,1562.7297297297298,Medium Quality,37
83.5,Indonesia,1500.0,-5.0,120.0,82.90235294117646,1363.235294117647,Medium Quality,17
83.5,Ethiopia,1600.0,8.0,38.0,85.91633333333333,1800.3006666666665,High Quality,30
83.5,Colombia,1850.0,4.0,-72.0,83.23040268456376,1570.4429530201342,Medium Quality,149
83.5,Guatemala,1400.0,15.5,-90.25,82.02422077922077,1440.7324207792208,Medium Quality,154
83.5,Colombia,1650.0,4.0,-72.0,83.23040268456376,1570.4429530201342,Medium Quality,149
83.5,Honduras,1350.0,15.0,-86.5,80.8322,1425.92,Medium Quality,50
83.5,Colombia,1750.0,4.0,-72.0,83.23040268456376,1570.4429530201342,Medium Quality,149
83.5,Colombia,1750.0,4.0,-72.0,83.23040268456376,1570.4429530201342,Medium Quality,149
83.5,Mexico,1170.0,23.0,-102.0,80.86306034482759,1235.3620689655172,Medium Quality,232
83.5,Mexico,940.0,23.0,-102.0,80.86306034482759,1235.3620689655172,Medium Quality,232
83.5,Mexico,1400.0,23.0,-102.0,80.86306034482759,1235.3620689655172,Medium Quality,232
83.5,Guatemala,1524.0,15.5,-90.25,82.02422077922077,1440.7324207792208,Medium Quality,154
83.5,Colombia,1775.0,4.0,-72.0,83.23040268456376,1570.4429530201342,Medium Quality,149
83.5,Guatemala,1402.08,15.5,-90.25,82.02422077922077,1440.7324207792208,Medium Quality,154
83.5,Indonesia,1600.0,-5.0,120.0,82.90235294117646,1363.235294117647,Medium Quality,17
83.42,Colombia,439.0,4.0,-72.0,83.23040268456376,1570.4429530201342,Medium Quality,149
83.42,Guatemala,1700.0,15.5,-90.25,82.02422077922077,1440.7324207792208,Medium Quality,154
83.42,Colombia,442.0,4.0,-72.0,83.23040268456376,1570.4429530201342,Medium Quality,149
83.42,Costa Rica,1850.0,10.0,-84.0,82.8004347826087,1380.1347826086956,Medium Quality,46
83.42,Uganda,1800.0,1.0,32.0,83.38294117647058,1590.8235294117646,Medium Quality,34
83.42,Thailand,1200.0,15.0,100.0,82.42999999999999,1094.99208,Medium Quality,20
83.42,El Salvador,1330.0,13.83,-88.92,83.11526315789474,1333.157894736842,Medium Quality,19
83.42,Colombia,442.0,4.0,-72.0,83.23040268456376,1570.4429530201342,Medium Quality,149
83.42,"Tanzania, United Republic of",1600.0,-6.0,35.0,82.30945945945946,1562.7297297297298,Medium Quality,37
83.42,Colombia,1813.0,4.0,-72.0,83.23040268456376,1570.4429530201342,Medium Quality,149
83.42,Guatemala,1219.2,15.5,-90.25,82.02422077922077,1440.7324207792208,Medium Quality,154
83.42,Guatemala,1500.0,15.5,-90.25,82.02422077922077,1440.7324207792208,Medium Quality,154
83.42,Guatemala,1310.64,15.5,-90.25,82.02422077922077,1440.7324207792208,Medium Quality,154
83.42,Colombia,1450.0,4.0,-72.0,83.23040268456376,1570.4429530201342,Medium Quality,149
83.38,Mexico,1050.0,23.0,-102.0,80.86306034482759,1235.3620689655172,Medium Quality,232
83.33,Colombia,1650.0,4.0,-72.0,83.23040268456376,1570.4429530201342,Medium Quality,149
83.33,Brazil,1227.0,-10.0,-55.0,82.71144230769231,920.7788461538462,Medium Quality,104
83.33,Mexico,1200.0,23.0,-102.0,80.86306034482759,1235.3620689655172,Medium Quality,232
83.33,Colombia,1650.0,4.0,-72.0,83.23040268456376,1570.4429530201342,Medium Quality,149
83.33,"Tanzania, United Republic of",1700.0,-6.0,35.0,82.30945945945946,1562.7297297297298,Medium Quality,37
83.33,Mexico,1100.0,23.0,-102.0,80.86306034482759,1235.3620689655172,Medium Quality,232
83.33,Costa Rica,1300.0,10.0,-84.0,82.8004347826087,1380.1347826086956,Medium Quality,46
83.33,Costa Rica,1200.0,10.0,-84.0,82.8004347826087,1380.1347826086956,Medium Quality,46
83.33,Haiti,1280.16,19.0,-72.42,77.17999999999999,883.36,Low Quality,6
83.33,Colombia,1000.0,4.0,-72.0,83.23040268456376,1570.4429530201342,Medium Quality,149
83.33,Guatemala,1310.64,15.5,-90.25,82.02422077922077,1440.7324207792208,Medium Quality,154
83.33,Burundi,1880.0,-3.5,30.0,81.83,1790.0,Medium Quality,2
83.33,Colombia,1750.0,4.0,-72.0,83.23040268456376,1570.4429530201342,Medium Quality,149
83.25,Mexico,1600.0,23.0,-102.0,80.86306034482759,1235.3620689655172,Medium Quality,232
83.25,Costa Rica,1900.0,10.0,-84.0,82.8004347826087,1380.1347826086956,Medium Quality,46
83.25,Guatemala,2100.0,15.5,-90.25,82.02422077922077,1440.7324207792208,Medium Quality,154
83.25,Colombia,442.0,4.0,-72.0,83.23040268456376,1570.4429530201342,Medium Quality,149
83.25,Mexico,1261.0,23.0,-102.0,80.86306034482759,1235.3620689655172,Medium Quality,232
83.25,Taiwan,1000.0,23.5,121.0,81.94771428571428,729.2714285714286,Medium Quality,70
83.25,Taiwan,800.0,23.5,121.0,81.94771428571428,729.2714285714286,Medium Quality,70
83.25,Colombia,1483.0,4.0,-72.0,83.23040268456376,1570.4429530201342,Medium Quality,149
83.25,Guatemala,1500.0,15.5,-90.25,82.02422077922077,1440.7324207792208,Medium Quality,154
83.25,Colombia,1750.0,4.0,-72.0,83.23040268456376,1570.4429530201342,Medium Quality,149
83.25,Mexico,1300.0,23.0,-102.0,80.86306034482759,1235.3620689655172,Medium Quality,232
83.25,Mexico,1000.0,23.0,-102.0,80.86306034482759,1235.3620689655172,Medium Quality,232
83.25,Guatemala,1310.64,15.5,-90.25,82.02422077922077,1440.7324207792208,Medium Quality,154
83.25,Brazil,1200.0,-10.0,-55.0,82.71144230769231,920.7788461538462,Medium Quality,104
83.25,Colombia,175.0,4.0,-72.0,83.23040268456376,1570.4429530201342,Medium Quality,149
83.25,Colombia,1775.0,4.0,-72.0,83.23040268456376,1570.4429530201342,Medium Quality,149
83.25,Colombia,1700.0,4.0,-72.0,83.23040268456376,1570.4429530201342,Medium Quality,149
83.25,Colombia,1880.0,4.0,-72.0,83.23040268456376,1570.4429530201342,Medium Quality,149
83.25,Colombia,1800.0,4.0,-72.0,83.23040268456376,1570.4429530201342,Medium Quality,149
83.17,Brazil,890.0,-10.0,-55.0,82.71144230769231,920.7788461538462,Medium Quality,104
83.17,Guatemala,1901.0,15.5,-90.25,82.02422077922077,1440.7324207792208,Medium Quality,154
83.17,"Tanzania, United Republic of",168.0,-6.0,35.0,82.30945945945946,1562.7297297297298,Medium Quality,37
83.17,Vietnam,1550.0,16.0,106.0,82.27428571428571,1258.5714285714287,Medium Quality,7
83.17,Guatemala,1500.0,15.5,-90.25,82.02422077922077,1440.7324207792208,Medium Quality,154
83.17,Honduras,1450.0,15.0,-86.5,80.8322,1425.92,Medium Quality,50
83.17,China,1200.0,35.0,105.0,82.9275,1463.125,Medium Quality,16
83.17,China,1600.0,35.0,105.0,82.9275,1463.125,Medium Quality,16
83.17,El Salvador,1350.0,13.83,-88.92,83.11526315789474,1333.157894736842,Medium Quality,19
83.17,Guatemala,1500.0,15.5,-90.25,82.02422077922077,1440.7324207792208,Medium Quality,154
83.17,Guatemala,1650.0,15.5,-90.25,82.02422077922077,1440.7324207792208,Medium Quality,154
83.17,Kenya,250.5,1.0,38.0,84.27130434782609,1502.3478260869565,Medium Quality,23
83.17,Thailand,800.0,15.0,100.0,82.42999999999999,1094.99208,Medium Quality,20
83.17,"Tanzania, United Republic of",1653.0,-6.0,35.0,82.30945945945946,1562.7297297297298,Medium Quality,37
83.17,Colombia,1775.0,4.0,-72.0,83.23040268456376,1570.4429530201342,Medium Quality,149
83.17,Uganda,1800.0,1.0,32.0,83.38294117647058,1590.8235294117646,Medium Quality,34
83.17,Honduras,1450.0,15.0,-86.5,80.8322,1425.92,Medium Quality,50
83.17,Honduras,1350.0,15.0,-86.5,80.8322,1425.92,Medium Quality,50
83.17,Guatemala,1524.0,15.5,-90.25,82.02422077922077,1440.7324207792208,Medium Quality,154
83.17,"Tanzania, United Republic of",1800.0,-6.0,35.0,82.30945945945946,1562.7297297297298,Medium Quality,37
83.17,Guatemala,1310.64,15.5,-90.25,82.02422077922077,1440.7324207792208,Medium Quality,154
83.17,Mexico,1500.0,23.0,-102.0,80.86306034482759,1235.3620689655172,Medium Quality,232
83.17,Mexico,532.0,23.0,-102.0,80.86306034482759,1235.3620689655172,Medium Quality,232
83.17,Mexico,1089.0,23.0,-102.0,80.86306034482759,1235.3620689655172,Medium Quality,232
83.17,Colombia,1775.0,4.0,-72.0,83.23040268456376,1570.4429530201342,Medium Quality,149
83.17,Mexico,700.0,23.0,-102.0,80.86306034482759,1235.3620689655172,Medium Quality,232
83.17,Colombia,1750.0,4.0,-72.0,83.23040268456376,1570.4429530201342,Medium Quality,149
83.17,Mexico,1380.0,23.0,-102.0,80.86306034482759,1235.3620689655172,Medium Quality,232
83.17,Brazil,1000.0,-10.0,-55.0,82.71144230769231,920.7788461538462,Medium Quality,104
83.17,Brazil,950.0,-10.0,-55.0,82.71144230769231,920.7788461538462,Medium Quality,104
83.17,Guatemala,1402.08,15.5,-90.25,82.02422077922077,1440.7324207792208,Medium Quality,154
83.17,Brazil,1000.0,-10.0,-55.0,82.71144230769231,920.7788461538462,Medium Quality,104
83.17,Brazil,900.0,-10.0,-55.0,82.71144230769231,920.7788461538462,Medium Quality,104
83.17,El Salvador,1200.0,13.83,-88.92,83.11526315789474,1333.157894736842,Medium Quality,19
83.17,Ethiopia,1850.0,8.0,38.0,85.91633333333333,1800.3006666666665,High Quality,30
83.08,Colombia,1799.0,4.0,-72.0,83.23040268456376,1570.4429530201342,Medium Quality,149
83.08,Brazil,905.0,-10.0,-55.0,82.71144230769231,920.7788461538462,Medium Quality,104
83.08,Brazil,1.0,-10.0,-55.0,82.71144230769231,920.7788461538462,Medium Quality,104
83.08,Taiwan,750.0,23.5,121.0,81.94771428571428,729.2714285714286,Medium Quality,70
83.08,Brazil,1200.0,-10.0,-55.0,82.71144230769231,920.7788461538462,Medium Quality,104
83.08,Costa Rica,1300.0,10.0,-84.0,82.8004347826087,1380.1347826086956,Medium Quality,46
83.08,Taiwan,1300.0,23.5,121.0,81.94771428571428,729.2714285714286,Medium Quality,70
83.08,Mexico,1400.0,23.0,-102.0,80.86306034482759,1235.3620689655172,Medium Quality,232
83.08,Colombia,1775.0,4.0,-72.0,83.23040268456376,1570.4429530201342,Medium Quality,149
83.08,Colombia,1880.0,4.0,-72.0,83.23040268456376,1570.4429530201342,Medium Quality,149
83.08,Indonesia,1350.0,-5.0,120.0,82.90235294117646,1363.235294117647,Medium Quality,17
83.0,Brazil,890.0,-10.0,-55.0,82.71144230769231,920.7788461538462,Medium Quality,104
83.0,Brazil,894.0,-10.0,-55.0,82.71144230769231,920.7788461538462,Medium Quality,104
83.0,Brazil,872.0,-10.0,-55.0,82.71144230769231,920.7788461538462,Medium Quality,104
83.0,Uganda,1473.0,1.0,32.0,83.38294117647058,1590.8235294117646,Medium Quality,34
83.0,Uganda,1645.0,1.0,32.0,83.38294117647058,1590.8235294117646,Medium Quality,34
83.0,Colombia,442.0,4.0,-72.0,83.23040268456376,1570.4429530201342,Medium Quality,149
83.0,Vietnam,1550.0,16.0,106.0,82.27428571428571,1258.5714285714287,Medium Quality,7
83.0,Guatemala,1550.0,15.5,-90.25,82.02422077922077,1440.7324207792208,Medium Quality,154
83.0,Guatemala,1371.6,15.5,-90.25,82.02422077922077,1440.7324207792208,Medium Quality,154
83.0,Guatemala,1500.0,15.5,-90.25,82.02422077922077,1440.7324207792208,Medium Quality,154
83.0,Brazil,1000.0,-10.0,-55.0,82.71144230769231,920.7788461538462,Medium Quality,104
83.0,Taiwan,1200.0,23.5,121.0,81.94771428571428,729.2714285714286,Medium Quality,70
83.0,Uganda,1800.0,1.0,32.0,83.38294117647058,1590.8235294117646,Medium Quality,34
83.0,Puerto Rico,853.44,18.25,-66.5,81.72749999999999,853.44,Medium Quality,4
83.0,Guatemala,1500.0,15.5,-90.25,82.02422077922077,1440.7324207792208,Medium Quality,154
83.0,Costa Rica,1200.0,10.0,-84.0,82.8004347826087,1380.1347826086956,Medium Quality,46
83.0,Brazil,1250.0,-10.0,-55.0,82.71144230769231,920.7788461538462,Medium Quality,104
83.0,Colombia,1775.0,4.0,-72.0,83.23040268456376,1570.4429530201342,Medium Quality,149
83.0,Colombia,1750.0,4.0,-72.0,83.23040268456376,1570.4429530201342,Medium Quality,149
83.0,Colombia,1000.0,4.0,-72.0,83.23040268456376,1570.4429530201342,Medium Quality,149
83.0,Colombia,1000.0,4.0,-72.0,83.23040268456376,1570.4429530201342,Medium Quality,149
83.0,Colombia,1775.0,4.0,-72.0,83.23040268456376,1570.4429530201342,Medium Quality,149
83.0,Mexico,750.0,23.0,-102.0,80.86306034482759,1235.3620689655172,Medium Quality,232
83.0,Mexico,1200.0,23.0,-102.0,80.86306034482759,1235.3620689655172,Medium Quality,232
83.0,Mexico,1200.0,23.0,-102.0,80.86306034482759,1235.3620689655172,Medium Quality,232
83.0,Colombia,1625.0,4.0,-72.0,83.23040268456376,1570.4429530201342,Medium Quality,149
83.0,Colombia,1750.0,4.0,-72.0,83.23040268456376,1570.4429530201342,Medium Quality,149
83.0,Guatemala,1371.6,15.5,-90.25,82.02422077922077,1440.7324207792208,Medium Quality,154
83.0,Colombia,1775.0,4.0,-72.0,83.23040268456376,1570.4429530201342,Medium Quality,149
83.0,Colombia,1450.0,4.0,-72.0,83.23040268456376,1570.4429530201342,Medium Quality,149
83.0,Colombia,1800.0,4.0,-72.0,83.23040268456376,1570.4429530201342,Medium Quality,149
82.92,Brazil,890.0,-10.0,-55.0,82.71144230769231,920.7788461538462,Medium Quality,104
82.92,El Salvador,1350.0,13.83,-88.92,83.11526315789474,1333.157894736842,Medium Quality,19
82.92,Colombia,1500.0,4.0,-72.0,83.23040268456376,1570.4429530201342,Medium Quality,149
82.92,Taiwan,350.0,23.5,121.0,81.94771428571428,729.2714285714286,Medium Quality,70
82.92,Ethiopia,2000.0,8.0,38.0,85.91633333333333,1800.3006666666665,High Quality,30
82.92,Taiwan,775.0,23.5,121.0,81.94771428571428,729.2714285714286,Medium Quality,70
82.92,Philippines,1200.0,13.0,122.0,80.834,1280.0,Medium Quality,5
82.92,Philippines,1600.0,13.0,122.0,80.834,1280.0,Medium Quality,5
82.92,Mexico,1059.0,23.0,-102.0,80.86306034482759,1235.3620689655172,Medium Quality,232
82.92,Mexico,1300.0,23.0,-102.0,80.86306034482759,1235.3620689655172,Medium Quality,232
82.92,Uganda,1650.0,1.0,32.0,83.38294117647058,1590.8235294117646,Medium Quality,34
82.92,Uganda,1400.0,1.0,32.0,83.38294117647058,1590.8235294117646,Medium Quality,34
82.92,Guatemala,1500.0,15.5,-90.25,82.02422077922077,1440.7324207792208,Medium Quality,154
82.92,Guatemala,1500.0,15.5,-90.25,82.02422077922077,1440.7324207792208,Medium Quality,154
82.92,Colombia,1900.0,4.0,-72.0,83.23040268456376,1570.4429530201342,Medium Quality,149
82.92,Colombia,1750.0,4.0,-72.0,83.23040268456376,1570.4429530201342,Medium Quality,149
82.92,Guatemala,1706.88,15.5,-90.25,82.02422077922077,1440.7324207792208,Medium Quality,154
82.92,Colombia,1450.0,4.0,-72.0,83.23040268456376,1570.4429530201342,Medium Quality,149
82.92,Mexico,1248.0,23.0,-102.0,80.86306034482759,1235.3620689655172,Medium Quality,232
82.92,Vietnam,1040.0,16.0,106.0,82.27428571428571,1258.5714285714287,Medium Quality,7
82.92,Mexico,1400.0,23.0,-102.0,80.86306034482759,1235.3620689655172,Medium Quality,232
82.92,Colombia,1450.0,4.0,-72.0,83.23040268456376,1570.4429530201342,Medium Quality,149
82.83,Kenya,1754.0,1.0,38.0,84.27130434782609,1502.3478260869565,Medium Quality,23
82.83,Guatemala,1700.0,15.5,-90.25,82.02422077922077,1440.7324207792208,Medium Quality,154
82.83,Brazil,905.0,-10.0,-55.0,82.71144230769231,920.7788461538462,Medium Quality,104
82.83,El Salvador,1250.0,13.83,-88.92,83.11526315789474,1333.157894736842,Medium Quality,19
82.83,Rwanda,1900.0,-2.0,30.0,82.83,1900.0,Medium Quality,1
82.83,Vietnam,1040.0,16.0,106.0,82.27428571428571,1258.5714285714287,Medium Quality,7
82.83,Guatemala,1219.2,15.5,-90.25,82.02422077922077,1440.7324207792208,Medium Quality,154
82.83,Brazil,900.0,-10.0,-55.0,82.71144230769231,920.7788461538462,Medium Quality,104
82.83,Colombia,1600.0,4.0,-72.0,83.23040268456376,1570.4429530201342,Medium Quality,149
82.83,United States,1200.0,38.0,-97.0,84.433,1866.8880000000001,Medium Quality,10
82.83,Guatemala,1500.0,15.5,-90.25,82.02422077922077,1440.7324207792208,Medium Quality,154
82.83,Colombia,1800.0,4.0,-72.0,83.23040268456376,1570.4429530201342,Medium Quality,149
82.83,Colombia,1775.0,4.0,-72.0,83.23040268456376,1570.4429530201342,Medium Quality,149
82.83,"Tanzania, United Republic of",1400.0,-6.0,35.0,82.30945945945946,1562.7297297297298,Medium Quality,37
82.83,Mexico,1550.0,23.0,-102.0,80.86306034482759,1235.3620689655172,Medium Quality,232
82.83,Mexico,1250.0,23.0,-102.0,80.86306034482759,1235.3620689655172,Medium Quality,232
82.83,Guatemala,1310.64,15.5,-90.25,82.02422077922077,1440.7324207792208,Medium Quality,154
82.83,Mexico,1380.0,23.0,-102.0,80.86306034482759,1235.3620689655172,Medium Quality,232
82.83,El Salvador,1200.0,13.83,-88.92,83.11526315789474,1333.157894736842,Medium Quality,19
82.75,Guatemala,1100.0,15.5,-90.25,82.02422077922077,1440.7324207792208,Medium Quality,154
82.75,Guatemala,1800.0,15.5,-90.25,82.02422077922077,1440.7324207792208,Medium Quality,154
82.75,Guatemala,1700.0,15.5,-90.25,82.02422077922077,1440.7324207792208,Medium Quality,154
82.75,Guatemala,1219.2,15.5,-90.25,82.02422077922077,1440.7324207792208,Medium Quality,154
82.75,Guatemala,1219.2,15.5,-90.25,82.02422077922077,1440.7324207792208,Medium Quality,154
82.75,Indonesia,1500.0,-5.0,120.0,82.90235294117646,1363.235294117647,Medium Quality,17
82.75,Guatemala,157.8864,15.5,-90.25,82.02422077922077,1440.7324207792208,Medium Quality,154
82.75,Taiwan,650.0,23.5,121.0,81.94771428571428,729.2714285714286,Medium Quality,70
82.75,El Salvador,1250.0,13.83,-88.92,83.11526315789474,1333.157894736842,Medium Quality,19
82.75,Costa Rica,1850.0,10.0,-84.0,82.8004347826087,1380.1347826086956,Medium Quality,46
82.75,Honduras,1400.0,15.0,-86.5,80.8322,1425.92,Medium Quality,50
82.75,Brazil,905.0,-10.0,-55.0,82.71144230769231,920.7788461538462,Medium Quality,104
82.75,China,1100.0,35.0,105.0,82.9275,1463.125,Medium Quality,16
82.75,China,1500.0,35.0,105.0,82.9275,1463.125,Medium Quality,16
82.75,Colombia,1775.0,4.0,-72.0,83.23040268456376,1570.4429530201342,Medium Quality,149
82.75,Malawi,1442.0,-13.5,34.0,81.71181818181819,1403.5454545454545,Medium Quality,11
82.75,Guatemala,1524.0,15.5,-90.25,82.02422077922077,1440.7324207792208,Medium Quality,154
82.75,Colombia,165.0,4.0,-72.0,83.23040268456376,1570.4429530201342,Medium Quality,149
82.75,Colombia,1300.0,4.0,-72.0,83.23040268456376,1570.4429530201342,Medium Quality,149
82.75,Mexico,1550.0,23.0,-102.0,80.86306034482759,1235.3620689655172,Medium Quality,232
82.75,Mexico,1200.0,23.0,-102.0,80.86306034482759,1235.3620689655172,Medium Quality,232
82.75,Mexico,1200.0,23.0,-102.0,80.86306034482759,1235.3620689655172,Medium Quality,232
82.75,Colombia,1625.0,4.0,-72.0,83.23040268456376,1570.4429530201342,Medium Quality,149
82.75,Colombia,1775.0,4.0,-72.0,83.23040268456376,1570.4429530201342,Medium Quality,149
82.75,Panama,1100.0,9.0,-80.0,83.7075,1515.0,Medium Quality,4
82.67,Brazil,890.0,-10.0,-55.0,82.71144230769231,920.7788461538462,Medium Quality,104
82.67,Brazil,934.0,-10.0,-55.0,82.71144230769231,920.7788461538462,Medium Quality,104
82.67,Lao People's Democratic Republic,1300.0,18.0,105.0,81.83333333333333,1283.3333333333333,Medium Quality,3
82.67,El Salvador,1200.0,13.83,-88.92,83.11526315789474,1333.157894736842,Medium Quality,19
82.67,Mexico,1300.0,23.0,-102.0,80.86306034482759,1235.3620689655172,Medium Quality,232
82.67,Brazil,1.0,-10.0,-55.0,82.71144230769231,920.7788461538462,Medium Quality,104
82.67,"Tanzania, United Republic of",1700.0,-6.0,35.0,82.30945945945946,1562.7297297297298,Medium Quality,37
82.67,"Tanzania, United Republic of",1550.0,-6.0,35.0,82.30945945945946,1562.7297297297298,Medium Quality,37
82.67,Taiwan,1200.0,23.5,121.0,81.94771428571428,729.2714285714286,Medium Quality,70
82.67,Mexico,1296.0,23.0,-102.0,80.86306034482759,1235.3620689655172,Medium Quality,232
82.67,Uganda,1650.0,1.0,32.0,83.38294117647058,1590.8235294117646,Medium Quality,34
82.67,Taiwan,1240.0,23.5,121.0,81.94771428571428,729.2714285714286,Medium Quality,70
82.67,Thailand,1500.0,15.0,100.0,82.42999999999999,1094.99208,Medium Quality,20
82.67,Colombia,1800.0,4.0,-72.0,83.23040268456376,1570.4429530201342,Medium Quality,149
82.67,Guatemala,1500.0,15.5,-90.25,82.02422077922077,1440.7324207792208,Medium Quality,154
82.67,Mexico,1100.0,23.0,-102.0,80.86306034482759,1235.3620689655172,Medium Quality,232
82.67,Mexico,950.0,23.0,-102.0,80.86306034482759,1235.3620689655172,Medium Quality,232
82.67,Mexico,1400.0,23.0,-102.0,80.86306034482759,1235.3620689655172,Medium Quality,232
82.67,Colombia,1800.0,4.0,-72.0,83.23040268456376,1570.4429530201342,Medium Quality,149
82.58,Guatemala,1219.2,15.5,-90.25,82.02422077922077,1440.7324207792208,Medium Quality,154
82.58,Taiwan,1050.0,23.5,121.0,81.94771428571428,729.2714285714286,Medium Quality,70
82.58,Taiwan,200.0,23.5,121.0,81.94771428571428,729.2714285714286,Medium Quality,70
82.58,Indonesia,1250.0,-5.0,120.0,82.90235294117646,1363.235294117647,Medium Quality,17
82.58,Thailand,800.0,15.0,100.0,82.42999999999999,1094.99208,Medium Quality,20
82.58,Thailand,1450.0,15.0,100.0,82.42999999999999,1094.99208,Medium Quality,20
82.58,"Tanzania, United Republic of",1317.0,-6.0,35.0,82.30945945945946,1562.7297297297298,Medium Quality,37
82.58,Uganda,1650.0,1.0,32.0,83.38294117647058,1590.8235294117646,Medium Quality,34
82.58,Costa Rica,1300.0,10.0,-84.0,82.8004347826087,1380.1347826086956,Medium Quality,46
82.58,Colombia,1750.0,4.0,-72.0,83.23040268456376,1570.4429530201342,Medium Quality,149
82.58,Colombia,1750.0,4.0,-72.0,83.23040268456376,1570.4429530201342,Medium Quality,149
82.58,Colombia,1750.0,4.0,-72.0,83.23040268456376,1570.4429530201342,Medium Quality,149
82.58,Mexico,1250.0,23.0,-102.0,80.86306034482759,1235.3620689655172,Medium Quality,232
82.58,Mexico,1150.0,23.0,-102.0,80.86306034482759,1235.3620689655172,Medium Quality,232
82.58,Colombia,1775.0,4.0,-72.0,83.23040268456376,1570.4429530201342,Medium Quality,149
82.58,Brazil,975.0,-10.0,-55.0,82.71144230769231,920.7788461538462,Medium Quality,104
82.5,Brazil,890.0,-10.0,-55.0,82.71144230769231,920.7788461538462,Medium Quality,104
82.5,Indonesia,1250.0,-5.0,120.0,82.90235294117646,1363.235294117647,Medium Quality,17
82.5,Honduras,1400.0,15.0,-86.5,80.8322,1425.92,Medium Quality,50
82.5,Guatemala,1219.2,15.5,-90.25,82.02422077922077,1440.7324207792208,Medium Quality,154
82.5,Thailand,800.0,15.0,100.0,82.42999999999999,1094.99208,Medium Quality,20
82.5,Thailand,1450.0,15.0,100.0,82.42999999999999,1094.99208,Medium Quality,20
82.5,"Tanzania, United Republic of",1600.0,-6.0,35.0,82.30945945945946,1562.7297297297298,Medium Quality,37
82.5,Mexico,1600.0,23.0,-102.0,80.86306034482759,1235.3620689655172,Medium Quality,232
82.5,Brazil,1260.0,-10.0,-55.0,82.71144230769231,920.7788461538462,Medium Quality,104
82.5,Guatemala,1310.64,15.5,-90.25,82.02422077922077,1440.7324207792208,Medium Quality,154
82.5,Colombia,1750.0,4.0,-72.0,83.23040268456376,1570.4429530201342,Medium Quality,149
82.5,Guatemala,1310.64,15.5,-90.25,82.02422077922077,1440.7324207792208,Medium Quality,154
82.5,Mexico,1679.0,23.0,-102.0,80.86306034482759,1235.3620689655172,Medium Quality,232
82.5,Mexico,1100.0,23.0,-102.0,80.86306034482759,1235.3620689655172,Medium Quality,232
82.5,Mexico,1650.0,23.0,-102.0,80.86306034482759,1235.3620689655172,Medium Quality,232
82.5,Brazil,1250.0,-10.0,-55.0,82.71144230769231,920.7788461538462,Medium Quality,104
82.5,Colombia,1775.0,4.0,-72.0,83.23040268456376,1570.4429530201342,Medium Quality,149
82.5,Guatemala,1600.0,15.5,-90.25,82.02422077922077,1440.7324207792208,Medium Quality,154
82.42,Honduras,1500.0,15.0,-86.5,80.8322,1425.92,Medium Quality,50
82.42,Guatemala,1700.0,15.5,-90.25,82.02422077922077,1440.7324207792208,Medium Quality,154
82.42,Guatemala,1700.0,15.5,-90.25,82.02422077922077,1440.7324207792208,Medium Quality,154
82.42,Guatemala,157.8864,15.5,-90.25,82.02422077922077,1440.7324207792208,Medium Quality,154
82.42,Colombia,1600.0,4.0,-72.0,83.23040268456376,1570.4429530201342,Medium Quality,149
82.42,China,1600.0,35.0,105.0,82.9275,1463.125,Medium Quality,16
82.42,"Tanzania, United Republic of",2285.0,-6.0,35.0,82.30945945945946,1562.7297297297298,Medium Quality,37
82.42,Brazil,1.0,-10.0,-55.0,82.71144230769231,920.7788461538462,Medium Quality,104
82.42,Guatemala,1400.0,15.5,-90.25,82.02422077922077,1440.7324207792208,Medium Quality,154
82.42,Mexico,1296.0,23.0,-102.0,80.86306034482759,1235.3620689655172,Medium Quality,232
82.42,Brazil,1000.0,-10.0,-55.0,82.71144230769231,920.7788461538462,Medium Quality,104
82.42,Brazil,1260.0,-10.0,-55.0,82.71144230769231,920.7788461538462,Medium Quality,104
82.42,Mexico,1170.0,23.0,-102.0,80.86306034482759,1235.3620689655172,Medium Quality,232
82.42,Colombia,1775.0,4.0,-72.0,83.23040268456376,1570.4429530201342,Medium Quality,149
82.42,Mexico,1560.0,23.0,-102.0,80.86306034482759,1235.3620689655172,Medium Quality,232
82.42,Mexico,1400.0,23.0,-102.0,80.86306034482759,1235.3620689655172,Medium Quality,232
82.42,Mexico,1300.0,23.0,-102.0,80.86306034482759,1235.3620689655172,Medium Quality,232
82.42,Mexico,1170.0,23.0,-102.0,80.86306034482759,1235.3620689655172,Medium Quality,232
82.42,Mexico,1300.0,23.0,-102.0,80.86306034482759,1235.3620689655172,Medium Quality,232
82.42,Mexico,1350.0,23.0,-102.0,80.86306034482759,1235.3620689655172,Medium Quality,232
82.42,Mexico,1150.0,23.0,-102.0,80.86306034482759,1235.3620689655172,Medium Quality,232
82.42,Mexico,1250.0,23.0,-102.0,80.86306034482759,1235.3620689655172,Medium Quality,232
82.42,Mexico,1450.0,23.0,-102.0,80.86306034482759,1235.3620689655172,Medium Quality,232
82.42,Colombia,442.0,4.0,-72.0,83.23040268456376,1570.4429530201342,Medium Quality,149
82.42,Colombia,1750.0,4.0,-72.0,83.23040268456376,1570.4429530201342,Medium Quality,149
82.42,Colombia,1750.0,4.0,-72.0,83.23040268456376,1570.4429530201342,Medium Quality,149
82.33,Honduras,1396.0,15.0,-86.5,80.8322,1425.92,Medium Quality,50
82.33,Brazil,982.0,-10.0,-55.0,82.71144230769231,920.7788461538462,Medium Quality,104
82.33,Brazil,934.0,-10.0,-55.0,82.71144230769231,920.7788461538462,Medium Quality,104
82.33,Costa Rica,1850.0,10.0,-84.0,82.8004347826087,1380.1347826086956,Medium Quality,46
82.33,Costa Rica,1550.0,10.0,-84.0,82.8004347826087,1380.1347826086956,Medium Quality,46
82.33,China,1580.0,35.0,105.0,82.9275,1463.125,Medium Quality,16
82.33,Brazil,1268.0,-10.0,-55.0,82.71144230769231,920.7788461538462,Medium Quality,104
82.33,Guatemala,1676.4,15.5,-90.25,82.02422077922077,1440.7324207792208,Medium Quality,154
82.33,Malawi,1450.0,-13.5,34.0,81.71181818181819,1403.5454545454545,Medium Quality,11
82.33,Brazil,1100.0,-10.0,-55.0,82.71144230769231,920.7788461538462,Medium Quality,104
82.33,Guatemala,1524.0,15.5,-90.25,82.02422077922077,1440.7324207792208,Medium Quality,154
82.33,Colombia,1300.0,4.0,-72.0,83.23040268456376,1570.4429530201342,Medium Quality,149
82.33,Taiwan,200.0,23.5,121.0,81.94771428571428,729.2714285714286,Medium Quality,70
82.33,Taiwan,600.0,23.5,121.0,81.94771428571428,729.2714285714286,Medium Quality,70
82.33,Guatemala,1310.64,15.5,-90.25,82.02422077922077,1440.7324207792208,Medium Quality,154
82.33,Colombia,1750.0,4.0,-72.0,83.23040268456376,1570.4429530201342,Medium Quality,149
82.33,Mexico,1300.0,23.0,-102.0,80.86306034482759,1235.3620689655172,Medium Quality,232
82.33,Guatemala,1752.6,15.5,-90.25,82.02422077922077,1440.7324207792208,Medium Quality,154
82.33,Mexico,441.0,23.0,-102.0,80.86306034482759,1235.3620689655172,Medium Quality,232
82.33,Mexico,1170.0,23.0,-102.0,80.86306034482759,1235.3620689655172,Medium Quality,232
82.33,Guatemala,1310.64,15.5,-90.25,82.02422077922077,1440.7324207792208,Medium Quality,154
82.33,Brazil,1100.0,-10.0,-55.0,82.71144230769231,920.7788461538462,Medium Quality,104
82.33,Mexico,1300.0,23.0,-102.0,80.86306034482759,1235.3620689655172,Medium Quality,232
82.33,Brazil,950.0,-10.0,-55.0,82.71144230769231,920.7788461538462,Medium Quality,104
82.33,Colombia,442.0,4.0,-72.0,83.23040268456376,1570.4429530201342,Medium Quality,149
82.25,Brazil,1100.0,-10.0,-55.0,82.71144230769231,920.7788461538462,Medium Quality,104
82.25,Guatemala,1450.0,15.5,-90.25,82.02422077922077,1440.7324207792208,Medium Quality,154
82.25,Brazil,1.0,-10.0,-55.0,82.71144230769231,920.7788461538462,Medium Quality,104
82.25,El Salvador,1500.0,13.83,-88.92,83.11526315789474,1333.157894736842,Medium Quality,19
82.25,Honduras,1350.0,15.0,-86.5,80.8322,1425.92,Medium Quality,50
82.25,Malawi,1180.0,-13.5,34.0,81.71181818181819,1403.5454545454545,Medium Quality,11
82.25,Brazil,1100.0,-10.0,-55.0,82.71144230769231,920.7788461538462,Medium Quality,104
82.25,Taiwan,650.0,23.5,121.0,81.94771428571428,729.2714285714286,Medium Quality,70
82.25,Mexico,1338.0,23.0,-102.0,80.86306034482759,1235.3620689655172,Medium Quality,232
82.25,Mexico,533.0,23.0,-102.0,80.86306034482759,1235.3620689655172,Medium Quality,232
82.25,Guatemala,1390.8024,15.5,-90.25,82.02422077922077,1440.7324207792208,Medium Quality,154
82.25,Mexico,1170.0,23.0,-102.0,80.86306034482759,1235.3620689655172,Medium Quality,232
82.25,Mexico,1250.0,23.0,-102.0,80.86306034482759,1235.3620689655172,Medium Quality,232
82.25,Mexico,1100.0,23.0,-102.0,80.86306034482759,1235.3620689655172,Medium Quality,232
82.25,Mexico,900.0,23.0,-102.0,80.86306034482759,1235.3620689655172,Medium Quality,232
82.25,Colombia,1750.0,4.0,-72.0,83.23040268456376,1570.4429530201342,Medium Quality,149
82.25,Colombia,1775.0,4.0,-72.0,83.23040268456376,1570.4429530201342,Medium Quality,149
82.17,Brazil,934.0,-10.0,-55.0,82.71144230769231,920.7788461538462,Medium Quality,104
82.17,Honduras,1500.0,15.0,-86.5,80.8322,1425.92,Medium Quality,50
82.17,Nicaragua,1000.0,13.0,-85.0,80.01,1091.9117647058824,Medium Quality,17
82.17,"Tanzania, United Republic of",1650.0,-6.0,35.0,82.30945945945946,1562.7297297297298,Medium Quality,37
82.17,"Tanzania, United Republic of",1600.0,-6.0,35.0,82.30945945945946,1562.7297297297298,Medium Quality,37
82.17,Brazil,1.0,-10.0,-55.0,82.71144230769231,920.7788461538462,Medium Quality,104
82.17,Thailand,800.0,15.0,100.0,82.42999999999999,1094.99208,Medium Quality,20
82.17,Honduras,1350.0,15.0,-86.5,80.8322,1425.92,Medium Quality,50
82.17,Guatemala,1500.0,15.5,-90.25,82.02422077922077,1440.7324207792208,Medium Quality,154
82.17,"Tanzania, United Republic of",1700.0,-6.0,35.0,82.30945945945946,1562.7297297297298,Medium Quality,37
82.17,Mexico,1100.0,23.0,-102.0,80.86306034482759,1235.3620689655172,Medium Quality,232
82.17,Mexico,1400.0,23.0,-102.0,80.86306034482759,1235.3620689655172,Medium Quality,232
82.17,Taiwan,1200.0,23.5,121.0,81.94771428571428,729.2714285714286,Medium Quality,70
82.17,Taiwan,800.0,23.5,121.0,81.94771428571428,729.2714285714286,Medium Quality,70
82.17,Colombia,1750.0,4.0,-72.0,83.23040268456376,1570.4429530201342,Medium Quality,149
82.17,Mexico,1144.0,23.0,-102.0,80.86306034482759,1235.3620689655172,Medium Quality,232
82.17,Guatemala,1350.0,15.5,-90.25,82.02422077922077,1440.7324207792208,Medium Quality,154
82.17,Mexico,1000.0,23.0,-102.0,80.86306034482759,1235.3620689655172,Medium Quality,232
82.17,Mexico,1200.0,23.0,-102.0,80.86306034482759,1235.3620689655172,Medium Quality,232
82.17,Colombia,1800.0,4.0,-72.0,83.23040268456376,1570.4429530201342,Medium Quality,149
82.08,Indonesia,1300.0,-5.0,120.0,82.90235294117646,1363.235294117647,Medium Quality,17
82.08,Brazil,894.0,-10.0,-55.0,82.71144230769231,920.7788461538462,Medium Quality,104
82.08,Brazil,1.0,-10.0,-55.0,82.71144230769231,920.7788461538462,Medium Quality,104
82.08,Costa Rica,1300.0,10.0,-84.0,82.8004347826087,1380.1347826086956,Medium Quality,46
82.08,"Tanzania, United Republic of",1500.0,-6.0,35.0,82.30945945945946,1562.7297297297298,Medium Quality,37
82.08,"Tanzania, United Republic of",1600.0,-6.0,35.0,82.30945945945946,1562.7297297297298,Medium Quality,37
82.08,Costa Rica,13.0,10.0,-84.0,82.8004347826087,1380.1347826086956,Medium Quality,46
82.08,Mexico,1300.0,23.0,-102.0,80.86306034482759,1235.3620689655172,Medium Quality,232
82.08,Mexico,1800.0,23.0,-102.0,80.86306034482759,1235.3620689655172,Medium Quality,232
82.08,Mexico,1250.0,23.0,-102.0,80.86306034482759,1235.3620689655172,Medium Quality,232
82.08,Vietnam,1040.0,16.0,106.0,82.27428571428571,1258.5714285714287,Medium Quality,7
82.08,Mexico,1250.0,23.0,-102.0,80.86306034482759,1235.3620689655172,Medium Quality,232
82.08,Colombia,1600.0,4.0,-72.0,83.23040268456376,1570.4429530201342,Medium Quality,149
82.0,Honduras,1600.0,15.0,-86.5,80.8322,1425.92,Medium Quality,50
82.0,Honduras,1600.0,15.0,-86.5,80.8322,1425.92,Medium Quality,50
82.0,Brazil,944.0,-10.0,-55.0,82.71144230769231,920.7788461538462,Medium Quality,104
82.0,"Tanzania, United Republic of",1650.0,-6.0,35.0,82.30945945945946,1562.7297297297298,Medium Quality,37
82.0,Lao People's Democratic Republic,1250.0,18.0,105.0,81.83333333333333,1283.3333333333333,Medium Quality,3
82.0,"Tanzania, United Republic of",1350.0,-6.0,35.0,82.30945945945946,1562.7297297297298,Medium Quality,37
82.0,Malawi,2500.0,-13.5,34.0,81.71181818181819,1403.5454545454545,Medium Quality,11
82.0,Taiwan,600.0,23.5,121.0,81.94771428571428,729.2714285714286,Medium Quality,70
82.0,Thailand,800.0,15.0,100.0,82.42999999999999,1094.99208,Medium Quality,20
82.0,Costa Rica,1300.0,10.0,-84.0,82.8004347826087,1380.1347826086956,Medium Quality,46
82.0,Honduras,1400.0,15.0,-86.5,80.8322,1425.92,Medium Quality,50
82.0,Colombia,1900.0,4.0,-72.0,83.23040268456376,1570.4429530201342,Medium Quality,149
82.0,Taiwan,650.0,23.5,121.0,81.94771428571428,729.2714285714286,Medium Quality,70
82.0,Brazil,1038.5,-10.0,-55.0,82.71144230769231,920.7788461538462,Medium Quality,104
82.0,Mexico,940.0,23.0,-102.0,80.86306034482759,1235.3620689655172,Medium Quality,232
82.0,Brazil,1000.0,-10.0,-55.0,82.71144230769231,920.7788461538462,Medium Quality,104
82.0,Brazil,1050.0,-10.0,-55.0,82.71144230769231,920.7788461538462,Medium Quality,104
82.0,Brazil,950.0,-10.0,-55.0,82.71144230769231,920.7788461538462,Medium Quality,104
82.0,Guatemala,1402.08,15.5,-90.25,82.02422077922077,1440.7324207792208,Medium Quality,154
82.0,Colombia,1775.0,4.0,-72.0,83.23040268456376,1570.4429530201342,Medium Quality,149
81.92,Guatemala,1901.0,15.5,-90.25,82.02422077922077,1440.7324207792208,Medium Quality,154
81.92,Guatemala,1219.2,15.5,-90.25,82.02422077922077,1440.7324207792208,Medium Quality,154
81.92,Honduras,1400.0,15.0,-86.5,80.8322,1425.92,Medium Quality,50
81.92,Brazil,1020.0,-10.0,-55.0,82.71144230769231,920.7788461538462,Medium Quality,104
81.92,El Salvador,1250.0,13.83,-88.92,83.11526315789474,1333.157894736842,Medium Quality,19
81.92,Guatemala,1550.0,15.5,-90.25,82.02422077922077,1440.7324207792208,Medium Quality,154
81.92,"Tanzania, United Republic of",1877.0,-6.0,35.0,82.30945945945946,1562.7297297297298,Medium Quality,37
81.92,Zambia,1250.0,-15.0,30.0,81.92,1250.0,Medium Quality,1
81.92,Taiwan,1000.0,23.5,121.0,81.94771428571428,729.2714285714286,Medium Quality,70
81.92,Mexico,1300.0,23.0,-102.0,80.86306034482759,1235.3620689655172,Medium Quality,232
81.92,Mexico,981.0,23.0,-102.0,80.86306034482759,1235.3620689655172,Medium Quality,232
81.92,Mexico,690.0,23.0,-102.0,80.86306034482759,1235.3620689655172,Medium Quality,232
81.92,Mexico,1650.0,23.0,-102.0,80.86306034482759,1235.3620689655172,Medium Quality,232
81.92,Mexico,1000.0,23.0,-102.0,80.86306034482759,1235.3620689655172,Medium Quality,232
81.92,Brazil,1100.0,-10.0,-55.0,82.71144230769231,920.7788461538462,Medium Quality,104
81.92,Colombia,1600.0,4.0,-72.0,83.23040268456376,1570.4429530201342,Medium Quality,149
81.83,Guatemala,157.8864,15.5,-90.25,82.02422077922077,1440.7324207792208,Medium Quality,154
81.83,Costa Rica,1900.0,10.0,-84.0,82.8004347826087,1380.1347826086956,Medium Quality,46
81.83,Brazil,973.0,-10.0,-55.0,82.71144230769231,920.7788461538462,Medium Quality,104
81.83,Indonesia,1250.0,-5.0,120.0,82.90235294117646,1363.235294117647,Medium Quality,17
81.83,Guatemala,3280.0,15.5,-90.25,82.02422077922077,1440.7324207792208,Medium Quality,154
81.83,Brazil,1.0,-10.0,-55.0,82.71144230769231,920.7788461538462,Medium Quality,104
81.83,Brazil,1.0,-10.0,-55.0,82.71144230769231,920.7788461538462,Medium Quality,104
81.83,Mexico,1425.0,23.0,-102.0,80.86306034482759,1235.3620689655172,Medium Quality,232
81.83,Honduras,1400.0,15.0,-86.5,80.8322,1425.92,Medium Quality,50
81.83,Costa Rica,1300.0,10.0,-84.0,82.8004347826087,1380.1347826086956,Medium Quality,46
81.83,Taiwan,700.0,23.5,121.0,81.94771428571428,729.2714285714286,Medium Quality,70
81.83,Indonesia,1300.0,-5.0,120.0,82.90235294117646,1363.235294117647,Medium Quality,17
81.83,Malawi,1556.0,-13.5,34.0,81.71181818181819,1403.5454545454545,Medium Quality,11
81.83,Brazil,1100.0,-10.0,-55.0,82.71144230769231,920.7788461538462,Medium Quality,104
81.83,Honduras,1350.0,15.0,-86.5,80.8322,1425.92,Medium Quality,50
81.83,Mexico,1550.0,23.0,-102.0,80.86306034482759,1235.3620689655172,Medium Quality,232
81.83,Colombia,1775.0,4.0,-72.0,83.23040268456376,1570.4429530201342,Medium Quality,149
81.83,Brazil,1250.0,-10.0,-55.0,82.71144230769231,920.7788461538462,Medium Quality,104
81.83,Guatemala,1310.64,15.5,-90.25,82.02422077922077,1440.7324207792208,Medium Quality,154
81.83,Mexico,1500.0,23.0,-102.0,80.86306034482759,1235.3620689655172,Medium Quality,232
81.83,Mexico,1250.0,23.0,-102.0,80.86306034482759,1235.3620689655172,Medium Quality,232
81.83,Brazil,925.0,-10.0,-55.0,82.71144230769231,920.7788461538462,Medium Quality,104
81.83,Colombia,1700.0,4.0,-72.0,83.23040268456376,1570.4429530201342,Medium Quality,149
81.75,Guatemala,1700.0,15.5,-90.25,82.02422077922077,1440.7324207792208,Medium Quality,154
81.75,Vietnam,1040.0,16.0,106.0,82.27428571428571,1258.5714285714287,Medium Quality,7
81.75,"Tanzania, United Republic of",1600.0,-6.0,35.0,82.30945945945946,1562.7297297297298,Medium Quality,37
81.75,Mexico,774.0,23.0,-102.0,80.86306034482759,1235.3620689655172,Medium Quality,232
81.75,Mexico,1250.0,23.0,-102.0,80.86306034482759,1235.3620689655172,Medium Quality,232
81.75,Mexico,1100.0,23.0,-102.0,80.86306034482759,1235.3620689655172,Medium Quality,232
81.75,Mexico,1550.0,23.0,-102.0,80.86306034482759,1235.3620689655172,Medium Quality,232
81.75,Mexico,1650.0,23.0,-102.0,80.86306034482759,1235.3620689655172,Medium Quality,232
81.75,Colombia,1750.0,4.0,-72.0,83.23040268456376,1570.4429530201342,Medium Quality,149
81.75,Colombia,1775.0,4.0,-72.0,83.23040268456376,1570.4429530201342,Medium Quality,149
81.67,Brazil,890.0,-10.0,-55.0,82.71144230769231,920.7788461538462,Medium Quality,104
81.67,Guatemala,1700.0,15.5,-90.25,82.02422077922077,1440.7324207792208,Medium Quality,154
81.67,Guatemala,1219.2,15.5,-90.25,82.02422077922077,1440.7324207792208,Medium Quality,154
81.67,Honduras,1450.0,15.0,-86.5,80.8322,1425.92,Medium Quality,50
81.67,"Tanzania, United Republic of",1800.0,-6.0,35.0,82.30945945945946,1562.7297297297298,Medium Quality,37
81.67,Brazil,1.0,-10.0,-55.0,82.71144230769231,920.7788461538462,Medium Quality,104
81.67,"Tanzania, United Republic of",1500.0,-6.0,35.0,82.30945945945946,1562.7297297297298,Medium Quality,37
81.67,"Tanzania, United Republic of",1700.0,-6.0,35.0,82.30945945945946,1562.7297297297298,Medium Quality,37
81.67,Brazil,1260.0,-10.0,-55.0,82.71144230769231,920.7788461538462,Medium Quality,104
81.67,Honduras,1400.0,15.0,-86.5,80.8322,1425.92,Medium Quality,50
81.67,Costa Rica,1850.0,10.0,-84.0,82.8004347826087,1380.1347826086956,Medium Quality,46
81.67,Taiwan,150.0,23.5,121.0,81.94771428571428,729.2714285714286,Medium Quality,70
81.67,Taiwan,750.0,23.5,121.0,81.94771428571428,729.2714285714286,Medium Quality,70
81.67,Mexico,1400.0,23.0,-102.0,80.86306034482759,1235.3620689655172,Medium Quality,232
81.67,Guatemala,1752.6,15.5,-90.25,82.02422077922077,1440.7324207792208,Medium Quality,154
81.67,Mexico,1650.0,23.0,-102.0,80.86306034482759,1235.3620689655172,Medium Quality,232
81.67,Mexico,1400.0,23.0,-102.0,80.86306034482759,1235.3620689655172,Medium Quality,232
81.67,Mexico,1200.0,23.0,-102.0,80.86306034482759,1235.3620689655172,Medium Quality,232
81.67,Mexico,1400.0,23.0,-102.0,80.86306034482759,1235.3620689655172,Medium Quality,232
81.67,Mexico,940.0,23.0,-102.0,80.86306034482759,1235.3620689655172,Medium Quality,232
81.58,Honduras,1200.0,15.0,-86.5,80.8322,1425.92,Medium Quality,50
81.58,Taiwan,800.0,23.5,121.0,81.94771428571428,729.2714285714286,Medium Quality,70
81.58,Costa Rica,13.0,10.0,-84.0,82.8004347826087,1380.1347826086956,Medium Quality,46
81.58,"Tanzania, United Republic of",1800.0,-6.0,35.0,82.30945945945946,1562.7297297297298,Medium Quality,37
81.58,Malawi,1100.0,-13.5,34.0,81.71181818181819,1403.5454545454545,Medium Quality,11
81.58,Taiwan,850.0,23.5,121.0,81.94771428571428,729.2714285714286,Medium Quality,70
81.58,Brazil,1260.0,-10.0,-55.0,82.71144230769231,920.7788461538462,Medium Quality,104
81.58,Guatemala,1310.64,15.5,-90.25,82.02422077922077,1440.7324207792208,Medium Quality,154
81.58,Mexico,1400.0,23.0,-102.0,80.86306034482759,1235.3620689655172,Medium Quality,232
81.58,Mexico,1600.0,23.0,-102.0,80.86306034482759,1235.3620689655172,Medium Quality,232
81.58,Mexico,1650.0,23.0,-102.0,80.86306034482759,1235.3620689655172,Medium Quality,232
81.58,Thailand,1499.9208,15.0,100.0,82.42999999999999,1094.99208,Medium Quality,20
81.58,Costa Rica,1600.2,10.0,-84.0,82.8004347826087,1380.1347826086956,Medium Quality,46
81.5,Guatemala,1219.2,15.5,-90.25,82.02422077922077,1440.7324207792208,Medium Quality,154
81.5,Nicaragua,1100.0,13.0,-85.0,80.01,1091.9117647058824,Medium Quality,17
81.5,Honduras,1400.0,15.0,-86.5,80.8322,1425.92,Medium Quality,50
81.5,Taiwan,180.0,23.5,121.0,81.94771428571428,729.2714285714286,Medium Quality,70
81.5,Myanmar,1219.2,22.0,98.0,80.89,1066.8,Medium Quality,3
81.5,Costa Rica,1200.0,10.0,-84.0,82.8004347826087,1380.1347826086956,Medium Quality,46
81.5,Malawi,1599.0,-13.5,34.0,81.71181818181819,1403.5454545454545,Medium Quality,11
81.5,Guatemala,1219.2,15.5,-90.25,82.02422077922077,1440.7324207792208,Medium Quality,154
81.5,Taiwan,900.0,23.5,121.0,81.94771428571428,729.2714285714286,Medium Quality,70
81.5,Brazil,1200.0,-10.0,-55.0,82.71144230769231,920.7788461538462,Medium Quality,104
81.5,Haiti,825.0,19.0,-72.42,77.17999999999999,883.36,Low Quality,6
81.5,Taiwan,600.0,23.5,121.0,81.94771428571428,729.2714285714286,Medium Quality,70
81.5,Mexico,1150.0,23.0,-102.0,80.86306034482759,1235.3620689655172,Medium Quality,232
81.5,Mexico,1600.0,23.0,-102.0,80.86306034482759,1235.3620689655172,Medium Quality,232
81.5,Mexico,1100.0,23.0,-102.0,80.86306034482759,1235.3620689655172,Medium Quality,232
81.5,Mexico,1000.0,23.0,-102.0,80.86306034482759,1235.3620689655172,Medium Quality,232
81.5,Mexico,1250.0,23.0,-102.0,80.86306034482759,1235.3620689655172,Medium Quality,232
81.5,Mexico,1100.0,23.0,-102.0,80.86306034482759,1235.3620689655172,Medium Quality,232
81.5,Indonesia,1400.0,-5.0,120.0,82.90235294117646,1363.235294117647,Medium Quality,17
81.5,Brazil,125.0,-10.0,-55.0,82.71144230769231,920.7788461538462,Medium Quality,104
81.5,Colombia,1450.0,4.0,-72.0,83.23040268456376,1570.4429530201342,Medium Quality,149
81.42,Mexico,1100.0,23.0,-102.0,80.86306034482759,1235.3620689655172,Medium Quality,232
81.42,Guatemala,1371.6,15.5,-90.25,82.02422077922077,1440.7324207792208,Medium Quality,154
81.42,Brazil,1100.0,-10.0,-55.0,82.71144230769231,920.7788461538462,Medium Quality,104
81.42,Honduras,1400.0,15.0,-86.5,80.8322,1425.92,Medium Quality,50
81.42,Taiwan,110.0,23.5,121.0,81.94771428571428,729.2714285714286,Medium Quality,70
81.42,Malawi,1422.0,-13.5,34.0,81.71181818181819,1403.5454545454545,Medium Quality,11
81.42,Brazil,1100.0,-10.0,-55.0,82.71144230769231,920.7788461538462,Medium Quality,104
81.42,Guatemala,1550.0,15.5,-90.25,82.02422077922077,1440.7324207792208,Medium Quality,154
81.42,Mexico,1550.0,23.0,-102.0,80.86306034482759,1235.3620689655172,Medium Quality,232
81.42,Guatemala,1310.64,15.5,-90.25,82.02422077922077,1440.7324207792208,Medium Quality,154
81.42,Mexico,763.0,23.0,-102.0,80.86306034482759,1235.3620689655172,Medium Quality,232
81.42,Mexico,1100.0,23.0,-102.0,80.86306034482759,1235.3620689655172,Medium Quality,232
81.42,Colombia,1750.0,4.0,-72.0,83.23040268456376,1570.4429530201342,Medium Quality,149
81.42,Colombia,1880.0,4.0,-72.0,83.23040268456376,1570.4429530201342,Medium Quality,149
81.33,Honduras,1500.0,15.0,-86.5,80.8322,1425.92,Medium Quality,50
81.33,Mexico,1130.0,23.0,-102.0,80.86306034482759,1235.3620689655172,Medium Quality,232
81.33,Brazil,1100.0,-10.0,-55.0,82.71144230769231,920.7788461538462,Medium Quality,104
81.33,Honduras,1350.0,15.0,-86.5,80.8322,1425.92,Medium Quality,50
81.33,Brazil,1200.0,-10.0,-55.0,82.71144230769231,920.7788461538462,Medium Quality,104
81.33,Philippines,1400.0,13.0,122.0,80.834,1280.0,Medium Quality,5
81.33,Malawi,1200.0,-13.5,34.0,81.71181818181819,1403.5454545454545,Medium Quality,11
81.33,Honduras,1450.0,15.0,-86.5,80.8322,1425.92,Medium Quality,50
81.33,Mexico,1800.0,23.0,-102.0,80.86306034482759,1235.3620689655172,Medium Quality,232
81.33,Mexico,1000.0,23.0,-102.0,80.86306034482759,1235.3620689655172,Medium Quality,232
81.33,Brazil,1100.0,-10.0,-55.0,82.71144230769231,920.7788461538462,Medium Quality,104
81.25,Taiwan,680.0,23.5,121.0,81.94771428571428,729.2714285714286,Medium Quality,70
81.25,Brazil,1.0,-10.0,-55.0,82.71144230769231,920.7788461538462,Medium Quality,104
81.25,Nicaragua,1100.0,13.0,-85.0,80.01,1091.9117647058824,Medium Quality,17
81.25,Honduras,1400.0,15.0,-86.5,80.8322,1425.92,Medium Quality,50
81.25,Guatemala,1700.0,15.5,-90.25,82.02422077922077,1440.7324207792208,Medium Quality,154
81.25,"Tanzania, United Republic of",1700.0,-6.0,35.0,82.30945945945946,1562.7297297297298,Medium Quality,37
81.25,Taiwan,650.0,23.5,121.0,81.94771428571428,729.2714285714286,Medium Quality,70
81.25,Guatemala,1524.0,15.5,-90.25,82.02422077922077,1440.7324207792208,Medium Quality,154
81.25,Mexico,1500.0,23.0,-102.0,80.86306034482759,1235.3620689655172,Medium Quality,232
81.17,Nicaragua,1200.0,13.0,-85.0,80.01,1091.9117647058824,Medium Quality,17
81.17,"Tanzania, United Republic of",1050.0,-6.0,35.0,82.30945945945946,1562.7297297297298,Medium Quality,37
81.17,Mexico,1200.0,23.0,-102.0,80.86306034482759,1235.3620689655172,Medium Quality,232
81.17,Costa Rica,1300.0,10.0,-84.0,82.8004347826087,1380.1347826086956,Medium Quality,46
81.17,Honduras,1450.0,15.0,-86.5,80.8322,1425.92,Medium Quality,50
81.17,Thailand,1450.0,15.0,100.0,82.42999999999999,1094.99208,Medium Quality,20
81.17,Philippines,1200.0,13.0,122.0,80.834,1280.0,Medium Quality,5
81.17,"Tanzania, United Republic of",1550.0,-6.0,35.0,82.30945945945946,1562.7297297297298,Medium Quality,37
81.17,Malawi,995.0,-13.5,34.0,81.71181818181819,1403.5454545454545,Medium Quality,11
81.17,Costa Rica,1300.0,10.0,-84.0,82.8004347826087,1380.1347826086956,Medium Quality,46
81.17,Mexico,1800.0,23.0,-102.0,80.86306034482759,1235.3620689655172,Medium Quality,232
81.17,Guatemala,1450.0,15.5,-90.25,82.02422077922077,1440.7324207792208,Medium Quality,154
81.17,Brazil,1000.0,-10.0,-55.0,82.71144230769231,920.7788461538462,Medium Quality,104
81.08,Brazil,695.0,-10.0,-55.0,82.71144230769231,920.7788461538462,Medium Quality,104
81.08,Nicaragua,1100.0,13.0,-85.0,80.01,1091.9117647058824,Medium Quality,17
81.08,United States,1706.88,38.0,-97.0,84.433,1866.8880000000001,Medium Quality,10
81.08,"Tanzania, United Republic of",1456.0,-6.0,35.0,82.30945945945946,1562.7297297297298,Medium Quality,37
81.08,Costa Rica,1500.0,10.0,-84.0,82.8004347826087,1380.1347826086956,Medium Quality,46
81.08,Puerto Rico,853.44,18.25,-66.5,81.72749999999999,853.44,Medium Quality,4
81.08,Mexico,1650.0,23.0,-102.0,80.86306034482759,1235.3620689655172,Medium Quality,232
81.08,Mexico,1300.0,23.0,-102.0,80.86306034482759,1235.3620689655172,Medium Quality,232
81.08,Mexico,1642.0,23.0,-102.0,80.86306034482759,1235.3620689655172,Medium Quality,232
81.08,Mexico,1200.0,23.0,-102.0,80.86306034482759,1235.3620689655172,Medium Quality,232
81.0,El Salvador,1450.0,13.83,-88.92,83.11526315789474,1333.157894736842,Medium Quality,19
81.0,Guatemala,3280.0,15.5,-90.25,82.02422077922077,1440.7324207792208,Medium Quality,154
81.0,Colombia,1600.0,4.0,-72.0,83.23040268456376,1570.4429530201342,Medium Quality,149
81.0,Guatemala,1219.2,15.5,-90.25,82.02422077922077,1440.7324207792208,Medium Quality,154
81.0,Taiwan,758.0,23.5,121.0,81.94771428571428,729.2714285714286,Medium Quality,70
81.0,Honduras,1350.0,15.0,-86.5,80.8322,1425.92,Medium Quality,50
81.0,"Tanzania, United Republic of",1525.0,-6.0,35.0,82.30945945945946,1562.7297297297298,Medium Quality,37
81.0,Uganda,1700.0,1.0,32.0,83.38294117647058,1590.8235294117646,Medium Quality,34
81.0,Taiwan,1100.0,23.5,121.0,81.94771428571428,729.2714285714286,Medium Quality,70
81.0,Thailand,800.0,15.0,100.0,82.42999999999999,1094.99208,Medium Quality,20
81.0,Mexico,950.0,23.0,-102.0,80.86306034482759,1235.3620689655172,Medium Quality,232
81.0,Mexico,1100.0,23.0,-102.0,80.86306034482759,1235.3620689655172,Medium Quality,232
80.92,Taiwan,200.0,23.5,121.0,81.94771428571428,729.2714285714286,Medium Quality,70
80.92,Guatemala,1901.0,15.5,-90.25,82.02422077922077,1440.7324207792208,Medium Quality,154
80.92,Kenya,1600.0,1.0,38.0,84.27130434782609,1502.3478260869565,Medium Quality,23
80.92,Mexico,1100.0,23.0,-102.0,80.86306034482759,1235.3620689655172,Medium Quality,232
80.92,Myanmar,1066.8,22.0,98.0,80.89,1066.8,Medium Quality,3
80.92,"Tanzania, United Republic of",1700.0,-6.0,35.0,82.30945945945946,1562.7297297297298,Medium Quality,37
80.92,Brazil,1200.0,-10.0,-55.0,82.71144230769231,920.7788461538462,Medium Quality,104
80.92,Taiwan,550.0,23.5,121.0,81.94771428571428,729.2714285714286,Medium Quality,70
80.92,Brazil,1100.0,-10.0,-55.0,82.71144230769231,920.7788461538462,Medium Quality,104
80.92,Nicaragua,1050.0,13.0,-85.0,80.01,1091.9117647058824,Medium Quality,17
80.92,Guatemala,1524.0,15.5,-90.25,82.02422077922077,1440.7324207792208,Medium Quality,154
80.92,Taiwan,900.0,23.5,121.0,81.94771428571428,729.2714285714286,Medium Quality,70
80.92,Taiwan,688.0,23.5,121.0,81.94771428571428,729.2714285714286,Medium Quality,70
80.92,Taiwan,300.0,23.5,121.0,81.94771428571428,729.2714285714286,Medium Quality,70
80.92,Mexico,1186.0,23.0,-102.0,80.86306034482759,1235.3620689655172,Medium Quality,232
80.83,Lao People's Democratic Republic,1300.0,18.0,105.0,81.83333333333333,1283.3333333333333,Medium Quality,3
80.83,Guatemala,1200.0,15.5,-90.25,82.02422077922077,1440.7324207792208,Medium Quality,154
80.83,Mexico,1210.0,23.0,-102.0,80.86306034482759,1235.3620689655172,Medium Quality,232
80.83,Mexico,1100.0,23.0,-102.0,80.86306034482759,1235.3620689655172,Medium Quality,232
80.83,Mexico,100.0,23.0,-102.0,80.86306034482759,1235.3620689655172,Medium Quality,232
80.83,Colombia,1800.0,4.0,-72.0,83.23040268456376,1570.4429530201342,Medium Quality,149
80.75,Guatemala,1706.88,15.5,-90.25,82.02422077922077,1440.7324207792208,Medium Quality,154
80.75,Honduras,1450.0,15.0,-86.5,80.8322,1425.92,Medium Quality,50
80.75,Panama,1680.0,9.0,-80.0,83.7075,1515.0,Medium Quality,4
80.75,Honduras,1350.0,15.0,-86.5,80.8322,1425.92,Medium Quality,50
80.75,Honduras,1450.0,15.0,-86.5,80.8322,1425.92,Medium Quality,50
80.75,Costa Rica,1300.0,10.0,-84.0,82.8004347826087,1380.1347826086956,Medium Quality,46
80.75,Mexico,1200.0,23.0,-102.0,80.86306034482759,1235.3620689655172,Medium Quality,232
80.75,Haiti,1000.0,19.0,-72.42,77.17999999999999,883.36,Low Quality,6
80.67,Indonesia,1350.0,-5.0,120.0,82.90235294117646,1363.235294117647,Medium Quality,17
80.67,Guatemala,1500.0,15.5,-90.25,82.02422077922077,1440.7324207792208,Medium Quality,154
80.67,Costa Rica,185.0,10.0,-84.0,82.8004347826087,1380.1347826086956,Medium Quality,46
80.67,Malawi,995.0,-13.5,34.0,81.71181818181819,1403.5454545454545,Medium Quality,11
80.67,Mexico,1200.0,23.0,-102.0,80.86306034482759,1235.3620689655172,Medium Quality,232
80.67,Colombia,1550.0,4.0,-72.0,83.23040268456376,1570.4429530201342,Medium Quality,149
80.67,Guatemala,1550.0,15.5,-90.25,82.02422077922077,1440.7324207792208,Medium Quality,154
80.58,"Tanzania, United Republic of",1400.0,-6.0,35.0,82.30945945945946,1562.7297297297298,Medium Quality,37
80.58,Brazil,1200.0,-10.0,-55.0,82.71144230769231,920.7788461538462,Medium Quality,104
80.58,Honduras,1400.0,15.0,-86.5,80.8322,1425.92,Medium Quality,50
80.58,Guatemala,1383.792,15.5,-90.25,82.02422077922077,1440.7324207792208,Medium Quality,154
80.5,Taiwan,50.0,23.5,121.0,81.94771428571428,729.2714285714286,Medium Quality,70
80.5,Guatemala,1500.0,15.5,-90.25,82.02422077922077,1440.7324207792208,Medium Quality,154
80.5,Honduras,1650.0,15.0,-86.5,80.8322,1425.92,Medium Quality,50
80.5,Mauritius,280.0,-20.28,57.55,80.5,280.0,Medium Quality,1
80.5,Brazil,1250.0,-10.0,-55.0,82.71144230769231,920.7788461538462,Medium Quality,104
80.5,Guatemala,1219.2,15.5,-90.25,82.02422077922077,1440.7324207792208,Medium Quality,154
80.5,Brazil,1250.0,-10.0,-55.0,82.71144230769231,920.7788461538462,Medium Quality,104
80.5,Guatemala,1859.28,15.5,-90.25,82.02422077922077,1440.7324207792208,Medium Quality,154
80.5,Mexico,1450.0,23.0,-102.0,80.86306034482759,1235.3620689655172,Medium Quality,232
80.42,Honduras,1450.0,15.0,-86.5,80.8322,1425.92,Medium Quality,50
80.42,Taiwan,600.0,23.5,121.0,81.94771428571428,729.2714285714286,Medium Quality,70
80.42,El Salvador,1450.0,13.83,-88.92,83.11526315789474,1333.157894736842,Medium Quality,19
80.42,China,1700.0,35.0,105.0,82.9275,1463.125,Medium Quality,16
80.42,Taiwan,600.0,23.5,121.0,81.94771428571428,729.2714285714286,Medium Quality,70
80.42,Mexico,1050.0,23.0,-102.0,80.86306034482759,1235.3620689655172,Medium Quality,232
80.42,Mexico,1550.0,23.0,-102.0,80.86306034482759,1235.3620689655172,Medium Quality,232
80.33,Burundi,1700.0,-3.5,30.0,81.83,1790.0,Medium Quality,2
80.33,"Tanzania, United Republic of",1700.0,-6.0,35.0,82.30945945945946,1562.7297297297298,Medium Quality,37
80.33,Taiwan,600.0,23.5,121.0,81.94771428571428,729.2714285714286,Medium Quality,70
80.33,Guatemala,1310.64,15.5,-90.25,82.02422077922077,1440.7324207792208,Medium Quality,154
80.33,Mexico,940.0,23.0,-102.0,80.86306034482759,1235.3620689655172,Medium Quality,232
80.25,Brazil,995.0,-10.0,-55.0,82.71144230769231,920.7788461538462,Medium Quality,104
80.25,Honduras,1400.0,15.0,-86.5,80.8322,1425.92,Medium Quality,50
80.25,Mexico,1600.0,23.0,-102.0,80.86306034482759,1235.3620689655172,Medium Quality,232
80.25,Myanmar,914.4,22.0,98.0,80.89,1066.8,Medium Quality,3
80.25,Nicaragua,900.0,13.0,-85.0,80.01,1091.9117647058824,Medium Quality,17
80.25,Taiwan,700.0,23.5,121.0,81.94771428571428,729.2714285714286,Medium Quality,70
80.25,Guatemala,1400.0,15.5,-90.25,82.02422077922077,1440.7324207792208,Medium Quality,154
80.25,Mexico,808.0,23.0,-102.0,80.86306034482759,1235.3620689655172,Medium Quality,232
80.17,Vietnam,1550.0,16.0,106.0,82.27428571428571,1258.5714285714287,Medium Quality,7
80.17,Nicaragua,1187.5,13.0,-85.0,80.01,1091.9117647058824,Medium Quality,17
80.17,Honduras,1400.0,15.0,-86.5,80.8322,1425.92,Medium Quality,50
80.17,Guatemala,1310.64,15.5,-90.25,82.02422077922077,1440.7324207792208,Medium Quality,154
80.17,Mexico,1250.0,23.0,-102.0,80.86306034482759,1235.3620689655172,Medium Quality,232
80.17,Mexico,1550.0,23.0,-102.0,80.86306034482759,1235.3620689655172,Medium Quality,232
80.17,Mexico,1000.0,23.0,-102.0,80.86306034482759,1235.3620689655172,Medium Quality,232
80.17,Guatemala,1310.64,15.5,-90.25,82.02422077922077,1440.7324207792208,Medium Quality,154
80.08,Brazil,1100.0,-10.0,-55.0,82.71144230769231,920.7788461538462,Medium Quality,104
80.08,Taiwan,850.0,23.5,121.0,81.94771428571428,729.2714285714286,Medium Quality,70
80.08,Taiwan,200.0,23.5,121.0,81.94771428571428,729.2714285714286,Medium Quality,70
80.08,Taiwan,150.0,23.5,121.0,81.94771428571428,729.2714285714286,Medium Quality,70
80.08,Taiwan,250.0,23.5,121.0,81.94771428571428,729.2714285714286,Medium Quality,70
80.08,Mexico,1300.0,23.0,-102.0,80.86306034482759,1235.3620689655172,Medium Quality,232
80.08,Mexico,1300.0,23.0,-102.0,80.86306034482759,1235.3620689655172,Medium Quality,232
80.0,Nicaragua,1250.0,13.0,-85.0,80.01,1091.9117647058824,Medium Quality,17
80.0,Mexico,1400.0,23.0,-102.0,80.86306034482759,1235.3620689655172,Medium Quality,232
80.0,Taiwan,250.0,23.5,121.0,81.94771428571428,729.2714285714286,Medium Quality,70
80.0,Thailand,800.0,15.0,100.0,82.42999999999999,1094.99208,Medium Quality,20
80.0,Mexico,1250.0,23.0,-102.0,80.86306034482759,1235.3620689655172,Medium Quality,232
80.0,Mexico,1100.0,23.0,-102.0,80.86306034482759,1235.3620689655172,Medium Quality,232
79.92,Mexico,1300.0,23.0,-102.0,80.86306034482759,1235.3620689655172,Medium Quality,232
79.92,Mexico,1100.0,23.0,-102.0,80.86306034482759,1235.3620689655172,Medium Quality,232
79.92,Mexico,1100.0,23.0,-102.0,80.86306034482759,1235.3620689655172,Medium Quality,232
79.92,Mexico,1100.0,23.0,-102.0,80.86306034482759,1235.3620689655172,Medium Quality,232
79.92,Mexico,1250.0,23.0,-102.0,80.86306034482759,1235.3620689655172,Medium Quality,232
79.92,Mexico,1250.0,23.0,-102.0,80.86306034482759,1235.3620689655172,Medium Quality,232
79.83,Kenya,1500.0,1.0,38.0,84.27130434782609,1502.3478260869565,Medium Quality,23
79.83,Guatemala,1700.0,15.5,-90.25,82.02422077922077,1440.7324207792208,Medium Quality,154
79.83,Nicaragua,1250.0,13.0,-85.0,80.01,1091.9117647058824,Medium Quality,17
79.83,Mexico,1300.0,23.0,-102.0,80.86306034482759,1235.3620689655172,Medium Quality,232
79.75,Taiwan,1000.0,23.5,121.0,81.94771428571428,729.2714285714286,Medium Quality,70
79.75,Taiwan,600.0,23.5,121.0,81.94771428571428,729.2714285714286,Medium Quality,70
79.75,Thailand,800.0,15.0,100.0,82.42999999999999,1094.99208,Medium Quality,20
79.75,Costa Rica,1100.0,10.0,-84.0,82.8004347826087,1380.1347826086956,Medium Quality,46
79.75,Mexico,1400.0,23.0,-102.0,80.86306034482759,1235.3620689655172,Medium Quality,232
79.75,Mexico,1022.0,23.0,-102.0,80.86306034482759,1235.3620689655172,Medium Quality,232
79.75,Mexico,1300.0,23.0,-102.0,80.86306034482759,1235.3620689655172,Medium Quality,232
79.75,Mexico,1450.0,23.0,-102.0,80.86306034482759,1235.3620689655172,Medium Quality,232
79.75,Mexico,1050.0,23.0,-102.0,80.86306034482759,1235.3620689655172,Medium Quality,232
79.75,Mexico,1100.0,23.0,-102.0,80.86306034482759,1235.3620689655172,Medium Quality,232
79.67,Guatemala,1219.2,15.5,-90.25,82.02422077922077,1440.7324207792208,Medium Quality,154
79.67,El Salvador,1250.0,13.83,-88.92,83.11526315789474,1333.157894736842,Medium Quality,19
79.67,Thailand,800.0,15.0,100.0,82.42999999999999,1094.99208,Medium Quality,20
79.67,Guatemala,1310.64,15.5,-90.25,82.02422077922077,1440.7324207792208,Medium Quality,154
79.67,Mexico,1400.0,23.0,-102.0,80.86306034482759,1235.3620689655172,Medium Quality,232
79.67,Mexico,975.0,23.0,-102.0,80.86306034482759,1235.3620689655172,Medium Quality,232
79.67,Mexico,1264.0,23.0,-102.0,80.86306034482759,1235.3620689655172,Medium Quality,232
79.58,Mexico,1250.0,23.0,-102.0,80.86306034482759,1235.3620689655172,Medium Quality,232
79.58,Mexico,1550.0,23.0,-102.0,80.86306034482759,1235.3620689655172,Medium Quality,232
79.58,Colombia,1800.0,4.0,-72.0,83.23040268456376,1570.4429530201342,Medium Quality,149
79.58,Guatemala,1325.88,15.5,-90.25,82.02422077922077,1440.7324207792208,Medium Quality,154
79.5,Nicaragua,1050.0,13.0,-85.0,80.01,1091.9117647058824,Medium Quality,17
79.5,Taiwan,700.0,23.5,121.0,81.94771428571428,729.2714285714286,Medium Quality,70
79.5,Colombia,1550.0,4.0,-72.0,83.23040268456376,1570.4429530201342,Medium Quality,149
79.5,Mexico,1550.0,23.0,-102.0,80.86306034482759,1235.3620689655172,Medium Quality,232
79.5,Mexico,1100.0,23.0,-102.0,80.86306034482759,1235.3620689655172,Medium Quality,232
79.42,Guatemala,1219.2,15.5,-90.25,82.02422077922077,1440.7324207792208,Medium Quality,154
79.42,Guatemala,1219.2,15.5,-90.25,82.02422077922077,1440.7324207792208,Medium Quality,154
79.42,Mexico,800.0,23.0,-102.0,80.86306034482759,1235.3620689655172,Medium Quality,232
79.33,Cote d'Ivoire,200.0,8.0,-5.0,79.33,200.0,Low Quality,1
79.33,Colombia,1200.0,4.0,-72.0,83.23040268456376,1570.4429530201342,Medium Quality,149
79.33,Mexico,950.0,23.0,-102.0,80.86306034482759,1235.3620689655172,Medium Quality,232
79.33,Mexico,750.0,23.0,-102.0,80.86306034482759,1235.3620689655172,Medium Quality,232
79.25,Taiwan,850.0,23.5,121.0,81.94771428571428,729.2714285714286,Medium Quality,70
79.25,Mexico,1000.0,23.0,-102.0,80.86306034482759,1235.3620689655172,Medium Quality,232
79.17,Guatemala,1219.2,15.5,-90.25,82.02422077922077,1440.7324207792208,Medium Quality,154
79.17,Honduras,1650.0,15.0,-86.5,80.8322,1425.92,Medium Quality,50
79.17,Guatemala,1320.0,15.5,-90.25,82.02422077922077,1440.7324207792208,Medium Quality,154
79.17,Guatemala,1550.0,15.5,-90.25,82.02422077922077,1440.7324207792208,Medium Quality,154
79.17,Mexico,1550.0,23.0,-102.0,80.86306034482759,1235.3620689655172,Medium Quality,232
79.17,Mexico,1450.0,23.0,-102.0,80.86306034482759,1235.3620689655172,Medium Quality,232
79.17,Mexico,1200.0,23.0,-102.0,80.86306034482759,1235.3620689655172,Medium Quality,232
79.08,Guatemala,1700.0,15.5,-90.25,82.02422077922077,1440.7324207792208,Medium Quality,154
79.08,Puerto Rico,853.44,18.25,-66.5,81.72749999999999,853.44,Medium Quality,4
79.08,Mexico,1500.0,23.0,-102.0,80.86306034482759,1235.3620689655172,Medium Quality,232
79.08,Mexico,1100.0,23.0,-102.0,80.86306034482759,1235.3620689655172,Medium Quality,232
79.08,Mexico,1200.0,23.0,-102.0,80.86306034482759,1235.3620689655172,Medium Quality,232
79.0,Guatemala,1219.2,15.5,-90.25,82.02422077922077,1440.7324207792208,Medium Quality,154
79.0,Honduras,1350.0,15.0,-86.5,80.8322,1425.92,Medium Quality,50
79.0,Peru,1400.0,-10.0,-76.0,78.0,1300.0,Low Quality,2
79.0,Mexico,1300.0,23.0,-102.0,80.86306034482759,1235.3620689655172,Medium Quality,232
79.0,Mexico,1550.0,23.0,-102.0,80.86306034482759,1235.3620689655172,Medium Quality,232
79.0,Mexico,12.0,23.0,-102.0,80.86306034482759,1235.3620689655172,Medium Quality,232
78.92,Mexico,1300.0,23.0,-102.0,80.86306034482759,1235.3620689655172,Medium Quality,232
78.92,Mexico,1400.0,23.0,-102.0,80.86306034482759,1235.3620689655172,Medium Quality,232
78.83,Nicaragua,1100.0,13.0,-85.0,80.01,1091.9117647058824,Medium Quality,17
78.75,Guatemala,1310.64,15.5,-90.25,82.02422077922077,1440.7324207792208,Medium Quality,154
78.75,Mexico,1320.0,23.0,-102.0,80.86306034482759,1235.3620689655172,Medium Quality,232
78.75,Mexico,1250.0,23.0,-102.0,80.86306034482759,1235.3620689655172,Medium Quality,232
78.75,Mexico,1350.0,23.0,-102.0,80.86306034482759,1235.3620689655172,Medium Quality,232
78.67,China,1850.0,35.0,105.0,82.9275,1463.125,Medium Quality,16
78.67,Mexico,1150.0,23.0,-102.0,80.86306034482759,1235.3620689655172,Medium Quality,232
78.58,Guatemala,1219.2,15.5,-90.25,82.02422077922077,1440.7324207792208,Medium Quality,154
78.58,Taiwan,800.0,23.5,121.0,81.94771428571428,729.2714285714286,Medium Quality,70
78.58,Mexico,1400.0,23.0,-102.0,80.86306034482759,1235.3620689655172,Medium Quality,232
78.58,Mexico,1300.0,23.0,-102.0,80.86306034482759,1235.3620689655172,Medium Quality,232
78.5,Mexico,1600.0,23.0,-102.0,80.86306034482759,1235.3620689655172,Medium Quality,232
78.5,Mexico,1400.0,23.0,-102.0,80.86306034482759,1235.3620689655172,Medium Quality,232
78.5,Mexico,1200.0,23.0,-102.0,80.86306034482759,1235.3620689655172,Medium Quality,232
78.42,Mexico,1500.0,23.0,-102.0,80.86306034482759,1235.3620689655172,Medium Quality,232
78.33,Guatemala,1219.2,15.5,-90.25,82.02422077922077,1440.7324207792208,Medium Quality,154
78.33,Guatemala,1310.64,15.5,-90.25,82.02422077922077,1440.7324207792208,Medium Quality,154
78.33,Mexico,1300.0,23.0,-102.0,80.86306034482759,1235.3620689655172,Medium Quality,232
78.17,Indonesia,1300.0,-5.0,120.0,82.90235294117646,1363.235294117647,Medium Quality,17
78.08,Mexico,1050.0,23.0,-102.0,80.86306034482759,1235.3620689655172,Medium Quality,232
78.0,Taiwan,650.0,23.5,121.0,81.94771428571428,729.2714285714286,Medium Quality,70
78.0,Honduras,1350.0,15.0,-86.5,80.8322,1425.92,Medium Quality,50
78.0,Guatemala,1219.2,15.5,-90.25,82.02422077922077,1440.7324207792208,Medium Quality,154
78.0,China,1200.0,35.0,105.0,82.9275,1463.125,Medium Quality,16
78.0,Guatemala,1310.64,15.5,-90.25,82.02422077922077,1440.7324207792208,Medium Quality,154
78.0,Mexico,850.0,23.0,-102.0,80.86306034482759,1235.3620689655172,Medium Quality,232
77.92,Costa Rica,1200.0,10.0,-84.0,82.8004347826087,1380.1347826086956,Medium Quality,46
77.92,Mexico,1248.0,23.0,-102.0,80.86306034482759,1235.3620689655172,Medium Quality,232
77.83,Nicaragua,1000.0,13.0,-85.0,80.01,1091.9117647058824,Medium Quality,17
77.83,Guatemala,1310.64,15.5,-90.25,82.02422077922077,1440.7324207792208,Medium Quality,154
77.67,Taiwan,775.0,23.5,121.0,81.94771428571428,729.2714285714286,Medium Quality,70
77.5,Mexico,1300.0,23.0,-102.0,80.86306034482759,1235.3620689655172,Medium Quality,232
77.42,Guatemala,1310.64,15.5,-90.25,82.02422077922077,1440.7324207792208,Medium Quality,154
77.33,Brazil,890.0,-10.0,-55.0,82.71144230769231,920.7788461538462,Medium Quality,104
77.33,Guatemala,1219.2,15.5,-90.25,82.02422077922077,1440.7324207792208,Medium Quality,154
77.33,Mexico,1500.0,23.0,-102.0,80.86306034482759,1235.3620689655172,Medium Quality,232
77.25,Haiti,825.0,19.0,-72.42,77.17999999999999,883.36,Low Quality,6
77.17,Mexico,1200.0,23.0,-102.0,80.86306034482759,1235.3620689655172,Medium Quality,232
77.0,Peru,1200.0,-10.0,-76.0,78.0,1300.0,Low Quality,2
76.75,Mexico,1200.0,23.0,-102.0,80.86306034482759,1235.3620689655172,Medium Quality,232
76.42,Mexico,1100.0,23.0,-102.0,80.86306034482759,1235.3620689655172,Medium Quality,232
76.33,Guatemala,1310.64,15.5,-90.25,82.02422077922077,1440.7324207792208,Medium Quality,154
76.17,Mexico,1400.0,23.0,-102.0,80.86306034482759,1235.3620689655172,Medium Quality,232
76.08,Mexico,1250.0,23.0,-102.0,80.86306034482759,1235.3620689655172,Medium Quality,232
76.0,Honduras,1350.0,15.0,-86.5,80.8322,1425.92,Medium Quality,50
75.83,Philippines,1000.0,13.0,122.0,80.834,1280.0,Medium Quality,5
75.58,Guatemala,1310.64,15.5,-90.25,82.02422077922077,1440.7324207792208,Medium Quality,154
75.5,Mexico,1100.0,23.0,-102.0,80.86306034482759,1235.3620689655172,Medium Quality,232
75.17,Mexico,1200.0,23.0,-102.0,80.86306034482759,1235.3620689655172,Medium Quality,232
75.17,Mexico,1100.0,23.0,-102.0,80.86306034482759,1235.3620689655172,Medium Quality,232
75.17,Mexico,1280.0,23.0,-102.0,80.86306034482759,1235.3620689655172,Medium Quality,232
75.0,Mexico,850.0,23.0,-102.0,80.86306034482759,1235.3620689655172,Medium Quality,232
74.92,Mexico,1500.0,23.0,-102.0,80.86306034482759,1235.3620689655172,Medium Quality,232
74.83,Mexico,1250.0,23.0,-102.0,80.86306034482759,1235.3620689655172,Medium Quality,232
74.67,Mexico,1700.0,23.0,-102.0,80.86306034482759,1235.3620689655172,Medium Quality,232
74.33,Guatemala,1310.64,15.5,-90.25,82.02422077922077,1440.7324207792208,Medium Quality,154
74.33,Mexico,1140.0,23.0,-102.0,80.86306034482759,1235.3620689655172,Medium Quality,232
74.0,Mexico,1200.0,23.0,-102.0,80.86306034482759,1235.3620689655172,Medium Quality,232
73.83,Mexico,1250.0,23.0,-102.0,80.86306034482759,1235.3620689655172,Medium Quality,232
73.42,Honduras,1350.0,15.0,-86.5,80.8322,1425.92,Medium Quality,50
72.92,Mexico,1200.0,23.0,-102.0,80.86306034482759,1235.3620689655172,Medium Quality,232
72.33,Haiti,1020.0,19.0,-72.42,77.17999999999999,883.36,Low Quality,6
71.75,Costa Rica,1200.0,10.0,-84.0,82.8004347826087,1380.1347826086956,Medium Quality,46
71.08,Mexico,800.0,23.0,-102.0,80.86306034482759,1235.3620689655172,Medium Quality,232
71.0,Mexico,1800.0,23.0,-102.0,80.86306034482759,1235.3620689655172,Medium Quality,232
70.75,Mexico,1000.0,23.0,-102.0,80.86306034482759,1235.3620689655172,Medium Quality,232
69.33,Honduras,1450.0,15.0,-86.5,80.8322,1425.92,Medium Quality,50
69.17,Honduras,1450.0,15.0,-86.5,80.8322,1425.92,Medium Quality,50
69.17,Honduras,1450.0,15.0,-86.5,80.8322,1425.92,Medium Quality,50
68.33,Mexico,900.0,23.0,-102.0,80.86306034482759,1235.3620689655172,Medium Quality,232
67.92,Haiti,350.0,19.0,-72.42,77.17999999999999,883.36,Low Quality,6
63.08,Nicaragua,1100.0,13.0,-85.0,80.01,1091.9117647058824,Medium Quality,17
59.83,Guatemala,1417.32,15.5,-90.25,82.02422077922077,1440.7324207792208,Medium Quality,154
83.75,Uganda,1488.0,1.0,32.0,83.38294117647058,1590.8235294117646,Medium Quality,34
83.5,India,3170.0,20.0,77.0,81.9375,1421.6666666666667,Medium Quality,12
83.25,India,1000.0,20.0,77.0,81.9375,1421.6666666666667,Medium Quality,12
83.0,Uganda,1212.0,1.0,32.0,83.38294117647058,1590.8235294117646,Medium Quality,34
83.0,Uganda,1250.0,1.0,32.0,83.38294117647058,1590.8235294117646,Medium Quality,34
82.75,India,3000.0,20.0,77.0,81.9375,1421.6666666666667,Medium Quality,12
82.58,India,750.0,20.0,77.0,81.9375,1421.6666666666667,Medium Quality,12
82.5,India,3140.0,20.0,77.0,81.9375,1421.6666666666667,Medium Quality,12
82.5,India,1000.0,20.0,77.0,81.9375,1421.6666666666667,Medium Quality,12
82.42,Uganda,1100.0,1.0,32.0,83.38294117647058,1590.8235294117646,Medium Quality,34
81.75,Uganda,1095.0,1.0,32.0,83.38294117647058,1590.8235294117646,Medium Quality,34
81.58,India,1000.0,20.0,77.0,81.9375,1421.6666666666667,Medium Quality,12
81.58,India,750.0,20.0,77.0,81.9375,1421.6666666666667,Medium Quality,12
81.5,Uganda,1367.0,1.0,32.0,83.38294117647058,1590.8235294117646,Medium Quality,34
81.5,Uganda,1488.0,1.0,32.0,83.38294117647058,1590.8235294117646,Medium Quality,34
81.42,India,1000.0,20.0,77.0,81.9375,1421.6666666666667,Medium Quality,12
81.25,India,750.0,20.0,77.0,81.9375,1421.6666666666667,Medium Quality,12
80.92,Uganda,1600.0,1.0,32.0,83.38294117647058,1590.8235294117646,Medium Quality,34
80.58,Uganda,1745.0,1.0,32.0,83.38294117647058,1590.8235294117646,Medium Quality,34
80.5,Uganda,1200.0,1.0,32.0,83.38294117647058,1590.8235294117646,Medium Quality,34
80.17,India,750.0,20.0,77.0,81.9375,1421.6666666666667,Medium Quality,12
80.17,India,750.0,20.0,77.0,81.9375,1421.6666666666667,Medium Quality,12
79.33,United States,3000.0,38.0,-97.0,84.433,1866.8880000000001,Medium Quality,10
78.08,Ecuador,40.0,-2.0,-77.5,80.955,420.0,Medium Quality,2
77.17,United States,795.0,38.0,-97.0,84.433,1866.8880000000001,Medium Quality,10
